entry_0,0.2
entry_1,0.2
entry_2,0.2
entry_3,0.2
entry_4,0.2
entry_5,0.2
entry_6,0.2
entry_7,0.2
entry_8,0.2
entry_9,0.2
entry_10,0.2
entry_11,0.2
entry_12,0.2
entry_13,0.2
entry_14,0.2
entry_15,0.2
entry_16,0.2
entry_17,0.2
entry_18,0.2
entry_19,0.2
entry_20,0.2
entry_21,0.2
entry_22,0.2
entry_23,0.2
entry_24,0.2
entry_25,0.2
entry_26,0.2
entry_27,0.2
entry_28,0.2
entry_29,0.2
entry_30,0.2
entry_31,0.2
entry_32,0.2
entry_33,0.2
entry_34,0.2
entry_35,0.2
entry_36,0.2
entry_37,0.2
entry_38,0.2
entry_39,0.2
entry_40,0.2
entry_41,0.2
entry_42,0.2
entry_43,0.2
entry_44,0.2
entry_45,0.2
entry_46,0.2
entry_47,0.2
entry_48,0.2
entry_49,0.2
entry_50,0.2
entry_51,0.2
entry_52,0.2
entry_53,0.2
entry_54,0.2
entry_55,0.2
entry_56,0.2
entry_57,0.2
entry_58,0.2
entry_59,0.2
entry_60,0.2
entry_61,0.2
entry_62,0.2
entry_63,0.2
entry_64,0.2
entry_65,0.2
entry_66,0.2
entry_67,0.2
entry_68,0.2
entry_69,0.2
entry_70,0.2
entry_71,0.2
entry_72,0.2
entry_73,0.2
entry_74,0.2
entry_75,0.2
entry_76,0.2
entry_77,0.2
entry_78,0.2
entry_79,0.2
entry_80,0.2
entry_81,0.2
entry_82,0.2
entry_83,0.2
entry_84,0.2
entry_85,0.2
entry_86,0.2
entry_87,0.2
entry_88,0.2
entry_89,0.2
entry_90,0.2
entry_91,0.2
entry_92,0.2
entry_93,0.2
entry_94,0.2
entry_95,0.2
entry_96,0.2
entry_97,0.2
entry_98,0.2
entry_99,0.2
entry_100,0.2
entry_101,0.2
entry_102,0.2
entry_103,0.2
entry_104,0.2
entry_105,0.2
entry_106,0.2
entry_107,0.2
entry_108,0.2
entry_109,0.2
entry_110,0.2
entry_111,0.2
entry_112,0.2
entry_113,0.2
entry_114,0.2
entry_115,0.2
entry_116,0.2
entry_117,0.2
entry_118,0.2
entry_119,0.2
entry_120,0.2
entry_121,0.2
entry_122,0.2
entry_123,0.2
entry_124,0.2
entry_125,0.2
entry_126,0.2
entry_127,0.2
entry_128,0.2
entry_129,0.2
entry_130,0.2
entry_131,0.2
entry_132,0.2
entry_133,0.2
entry_134,0.2
entry_135,0.2
entry_136,0.2
entry_137,0.2
entry_138,0.2
entry_139,0.2
entry_140,0.2
entry_141,0.2
entry_142,0.2
entry_143,0.2
entry_144,0.2
entry_145,0.2
entry_146,0.2
entry_147,0.2
entry_148,0.2
entry_149,0.2
entry_150,0.2
entry_151,0.2
entry_152,0.2
entry_153,0.2
entry_154,0.2
entry_155,0.2
entry_156,0.2
entry_157,0.2
entry_158,0.2
entry_159,0.2
entry_160,0.2
entry_161,0.2
entry_162,0.2
entry_163,0.2
entry_164,0.2
entry_165,0.2
entry_166,0.2
entry_167,0.2
entry_168,0.2
entry_169,0.2
entry_170,0.2
entry_171,0.2
entry_172,0.2
entry_173,0.2
entry_174,0.2
entry_175,0.2
entry_176,0.2
entry_177,0.2
entry_178,0.2
entry_179,0.2
entry_180,0.2
entry_181,0.2
entry_182,0.2
entry_183,0.2
entry_184,0.2
entry_185,0.2
entry_186,0.2
entry_187,0.2
entry_188,0.2
entry_189,0.2
entry_190,0.2
entry_191,0.2
entry_192,0.2
entry_193,0.2
entry_194,0.2
entry_195,0.2
entry_196,0.2
entry_197,0.2
entry_198,0.2
entry_199,0.2
entry_200,0.2
entry_201,0.2
entry_202,0.2
entry_203,0.2
entry_204,0.2
entry_205,0.2
entry_206,0.2
entry_207,0.2
entry_208,0.2
entry_209,0.2
entry_210,0.2
entry_211,0.2
entry_212,0.2
entry_213,0.2
entry_214,0.2
entry_215,0.2
entry_216,0.2
entry_217,0.2
entry_218,0.2
entry_219,0.2
entry_220,0.2
entry_221,0.2
entry_222,0.2
entry_223,0.2
entry_224,0.2
entry_225,0.2
entry_226,0.2
entry_227,0.2
entry_228,0.2
entry_229,0.2
entry_230,0.2
entry_231,0.2
entry_232,0.2
entry_233,0.2
entry_234,0.2
entry_235,0.2
entry_236,0.2
entry_237,0.2
entry_238,0.2
entry_239,0.2
entry_240,0.2
entry_241,0.2
entry_242,0.2
entry_243,0.2
entry_244,0.2
entry_245,0.2
entry_246,0.2
entry_247,0.2
entry_248,0.2
entry_249,0.2
entry_250,0.2
entry_251,0.2
entry_252,0.2
entry_253,0.2
entry_254,0.2
entry_255,0.2
entry_256,0.2
entry_257,0.2
entry_258,0.2
entry_259,0.2
entry_260,0.2
entry_261,0.2
entry_262,0.2
entry_263,0.2
entry_264,0.2
entry_265,0.2
entry_266,0.2
entry_267,0.2
entry_268,0.2
entry_269,0.2
entry_270,0.2
entry_271,0.2
entry_272,0.2
entry_273,0.2
entry_274,0.2
entry_275,0.2
entry_276,0.2
entry_277,0.2
entry_278,0.2
entry_279,0.2
entry_280,0.2
entry_281,0.2
entry_282,0.2
entry_283,0.2
entry_284,0.2
entry_285,0.2
entry_286,0.2
entry_287,0.2
entry_288,0.2
entry_289,0.2
entry_290,0.2
entry_291,0.2
entry_292,0.2
entry_293,0.2
entry_294,0.2
entry_295,0.2
entry_296,0.2
entry_297,0.2
entry_298,0.2
entry_299,0.2
entry_300,0.2
entry_301,0.2
entry_302,0.2
entry_303,0.2
entry_304,0.2
entry_305,0.2
entry_306,0.2
entry_307,0.2
entry_308,0.2
entry_309,0.2
entry_310,0.2
entry_311,0.2
entry_312,0.2
entry_313,0.2
entry_314,0.2
entry_315,0.2
entry_316,0.2
entry_317,0.2
entry_318,0.2
entry_319,0.2
entry_320,0.2
entry_321,0.2
entry_322,0.2
entry_323,0.2
entry_324,0.2
entry_325,0.2
entry_326,0.2
entry_327,0.2
entry_328,0.2
entry_329,0.2
entry_330,0.2
entry_331,0.2
entry_332,0.2
entry_333,0.2
entry_334,0.2
entry_335,0.2
entry_336,0.2
entry_337,0.2
entry_338,0.2
entry_339,0.2
entry_340,0.2
entry_341,0.2
entry_342,0.2
entry_343,0.2
entry_344,0.2
entry_345,0.2
entry_346,0.2
entry_347,0.2
entry_348,0.2
entry_349,0.2
entry_350,0.2
entry_351,0.2
entry_352,0.2
entry_353,0.2
entry_354,0.2
entry_355,0.2
entry_356,0.2
entry_357,0.2
entry_358,0.2
entry_359,0.2
entry_360,0.2
entry_361,0.2
entry_362,0.2
entry_363,0.2
entry_364,0.2
entry_365,0.2
entry_366,0.2
entry_367,0.2
entry_368,0.2
entry_369,0.2
entry_370,0.2
entry_371,0.2
entry_372,0.2
entry_373,0.2
entry_374,0.2
entry_375,0.2
entry_376,0.2
entry_377,0.2
entry_378,0.2
entry_379,0.2
entry_380,0.2
entry_381,0.2
entry_382,0.2
entry_383,0.2
entry_384,0.2
entry_385,0.2
entry_386,0.2
entry_387,0.2
entry_388,0.2
entry_389,0.2
entry_390,0.2
entry_391,0.2
entry_392,0.2
entry_393,0.2
entry_394,0.2
entry_395,0.2
entry_396,0.2
entry_397,0.2
entry_398,0.2
entry_399,0.2
entry_400,0.2
entry_401,0.2
entry_402,0.2
entry_403,0.2
entry_404,0.2
entry_405,0.2
entry_406,0.2
entry_407,0.2
entry_408,0.2
entry_409,0.2
entry_410,0.2
entry_411,0.2
entry_412,0.2
entry_413,0.2
entry_414,0.2
entry_415,0.2
entry_416,0.2
entry_417,0.2
entry_418,0.2
entry_419,0.2
entry_420,0.2
entry_421,0.2
entry_422,0.2
entry_423,0.2
entry_424,0.2
entry_425,0.2
entry_426,0.2
entry_427,0.2
entry_428,0.2
entry_429,0.2
entry_430,0.2
entry_431,0.2
entry_432,0.2
entry_433,0.2
entry_434,0.2
entry_435,0.2
entry_436,0.2
entry_437,0.2
entry_438,0.2
entry_439,0.2
entry_440,0.2
entry_441,0.2
entry_442,0.2
entry_443,0.2
entry_444,0.2
entry_445,0.2
entry_446,0.2
entry_447,0.2
entry_448,0.2
entry_449,0.2
entry_450,0.2
entry_451,0.2
entry_452,0.2
entry_453,0.2
entry_454,0.2
entry_455,0.2
entry_456,0.2
entry_457,0.2
entry_458,0.2
entry_459,0.2
entry_460,0.2
entry_461,0.2
entry_462,0.2
entry_463,0.2
entry_464,0.2
entry_465,0.2
entry_466,0.2
entry_467,0.2
entry_468,0.2
entry_469,0.2
entry_470,0.2
entry_471,0.2
entry_472,0.2
entry_473,0.2
entry_474,0.2
entry_475,0.2
entry_476,0.2
entry_477,0.2
entry_478,0.2
entry_479,0.2
entry_480,0.2
entry_481,0.2
entry_482,0.2
entry_483,0.2
entry_484,0.2
entry_485,0.2
entry_486,0.2
entry_487,0.2
entry_488,0.2
entry_489,0.2
entry_490,0.2
entry_491,0.2
entry_492,0.2
entry_493,0.2
entry_494,0.2
entry_495,0.2
entry_496,0.2
entry_497,0.2
entry_498,0.2
entry_499,0.2
entry_500,0.2
entry_501,0.2
entry_502,0.2
entry_503,0.2
entry_504,0.2
entry_505,0.2
entry_506,0.2
entry_507,0.2
entry_508,0.2
entry_509,0.2
entry_510,0.2
entry_511,0.2
entry_512,0.2
entry_513,0.2
entry_514,0.2
entry_515,0.2
entry_516,0.2
entry_517,0.2
entry_518,0.2
entry_519,0.2
entry_520,0.2
entry_521,0.2
entry_522,0.2
entry_523,0.2
entry_524,0.2
entry_525,0.2
entry_526,0.2
entry_527,0.2
entry_528,0.2
entry_529,0.2
entry_530,0.2
entry_531,0.2
entry_532,0.2
entry_533,0.2
entry_534,0.2
entry_535,0.2
entry_536,0.2
entry_537,0.2
entry_538,0.2
entry_539,0.2
entry_540,0.2
entry_541,0.2
entry_542,0.2
entry_543,0.2
entry_544,0.2
entry_545,0.2
entry_546,0.2
entry_547,0.2
entry_548,0.2
entry_549,0.2
entry_550,0.2
entry_551,0.2
entry_552,0.2
entry_553,0.2
entry_554,0.2
entry_555,0.2
entry_556,0.2
entry_557,0.2
entry_558,0.2
entry_559,0.2
entry_560,0.2
entry_561,0.2
entry_562,0.2
entry_563,0.2
entry_564,0.2
entry_565,0.2
entry_566,0.2
entry_567,0.2
entry_568,0.2
entry_569,0.2
entry_570,0.2
entry_571,0.2
entry_572,0.2
entry_573,0.2
entry_574,0.2
entry_575,0.2
entry_576,0.2
entry_577,0.2
entry_578,0.2
entry_579,0.2
entry_580,0.2
entry_581,0.2
entry_582,0.2
entry_583,0.2
entry_584,0.2
entry_585,0.2
entry_586,0.2
entry_587,0.2
entry_588,0.2
entry_589,0.2
entry_590,0.2
entry_591,0.2
entry_592,0.2
entry_593,0.2
entry_594,0.2
entry_595,0.2
entry_596,0.2
entry_597,0.2
entry_598,0.2
entry_599,0.2
entry_600,0.2
entry_601,0.2
entry_602,0.2
entry_603,0.2
entry_604,0.2
entry_605,0.2
entry_606,0.2
entry_607,0.2
entry_608,0.2
entry_609,0.2
entry_610,0.2
entry_611,0.2
entry_612,0.2
entry_613,0.2
entry_614,0.2
entry_615,0.2
entry_616,0.2
entry_617,0.2
entry_618,0.2
entry_619,0.2
entry_620,0.2
entry_621,0.2
entry_622,0.2
entry_623,0.2
entry_624,0.2
entry_625,0.2
entry_626,0.2
entry_627,0.2
entry_628,0.2
entry_629,0.2
entry_630,0.2
entry_631,0.2
entry_632,0.2
entry_633,0.2
entry_634,0.2
entry_635,0.2
entry_636,0.2
entry_637,0.2
entry_638,0.2
entry_639,0.2
entry_640,0.2
entry_641,0.2
entry_642,0.2
entry_643,0.2
entry_644,0.2
entry_645,0.2
entry_646,0.2
entry_647,0.2
entry_648,0.2
entry_649,0.2
entry_650,0.2
entry_651,0.2
entry_652,0.2
entry_653,0.2
entry_654,0.2
entry_655,0.2
entry_656,0.2
entry_657,0.2
entry_658,0.2
entry_659,0.2
entry_660,0.2
entry_661,0.2
entry_662,0.2
entry_663,0.2
entry_664,0.2
entry_665,0.2
entry_666,0.2
entry_667,0.2
entry_668,0.2
entry_669,0.2
entry_670,0.2
entry_671,0.2
entry_672,0.2
entry_673,0.2
entry_674,0.2
entry_675,0.2
entry_676,0.2
entry_677,0.2
entry_678,0.2
entry_679,0.2
entry_680,0.2
entry_681,0.2
entry_682,0.2
entry_683,0.2
entry_684,0.2
entry_685,0.2
entry_686,0.2
entry_687,0.2
entry_688,0.2
entry_689,0.2
entry_690,0.2
entry_691,0.2
entry_692,0.2
entry_693,0.2
entry_694,0.2
entry_695,0.2
entry_696,0.2
entry_697,0.2
entry_698,0.2
entry_699,0.2
entry_700,0.2
entry_701,0.2
entry_702,0.2
entry_703,0.2
entry_704,0.2
entry_705,0.2
entry_706,0.2
entry_707,0.2
entry_708,0.2
entry_709,0.2
entry_710,0.2
entry_711,0.2
entry_712,0.2
entry_713,0.2
entry_714,0.2
entry_715,0.2
entry_716,0.2
entry_717,0.2
entry_718,0.2
entry_719,0.2
entry_720,0.2
entry_721,0.2
entry_722,0.2
entry_723,0.2
entry_724,0.2
entry_725,0.2
entry_726,0.2
entry_727,0.2
entry_728,0.2
entry_729,0.2
entry_730,0.2
entry_731,0.2
entry_732,0.2
entry_733,0.2
entry_734,0.2
entry_735,0.2
entry_736,0.2
entry_737,0.2
entry_738,0.2
entry_739,0.2
entry_740,0.2
entry_741,0.2
entry_742,0.2
entry_743,0.2
entry_744,0.2
entry_745,0.2
entry_746,0.2
entry_747,0.2
entry_748,0.2
entry_749,0.2
entry_750,0.2
entry_751,0.2
entry_752,0.2
entry_753,0.2
entry_754,0.2
entry_755,0.2
entry_756,0.2
entry_757,0.2
entry_758,0.2
entry_759,0.2
entry_760,0.2
entry_761,0.2
entry_762,0.2
entry_763,0.2
entry_764,0.2
entry_765,0.2
entry_766,0.2
entry_767,0.2
entry_768,0.2
entry_769,0.2
entry_770,0.2
entry_771,0.2
entry_772,0.2
entry_773,0.2
entry_774,0.2
entry_775,0.2
entry_776,0.2
entry_777,0.2
entry_778,0.2
entry_779,0.2
entry_780,0.2
entry_781,0.2
entry_782,0.2
entry_783,0.2
entry_784,0.2
entry_785,0.2
entry_786,0.2
entry_787,0.2
entry_788,0.2
entry_789,0.2
entry_790,0.2
entry_791,0.2
entry_792,0.2
entry_793,0.2
entry_794,0.2
entry_795,0.2
entry_796,0.2
entry_797,0.2
entry_798,0.2
entry_799,0.2
entry_800,0.2
entry_801,0.2
entry_802,0.2
entry_803,0.2
entry_804,0.2
entry_805,0.2
entry_806,0.2
entry_807,0.2
entry_808,0.2
entry_809,0.2
entry_810,0.2
entry_811,0.2
entry_812,0.2
entry_813,0.2
entry_814,0.2
entry_815,0.2
entry_816,0.2
entry_817,0.2
entry_818,0.2
entry_819,0.2
entry_820,0.2
entry_821,0.2
entry_822,0.2
entry_823,0.2
entry_824,0.2
entry_825,0.2
entry_826,0.2
entry_827,0.2
entry_828,0.2
entry_829,0.2
entry_830,0.2
entry_831,0.2
entry_832,0.2
entry_833,0.2
entry_834,0.2
entry_835,0.2
entry_836,0.2
entry_837,0.2
entry_838,0.2
entry_839,0.2
entry_840,0.2
entry_841,0.2
entry_842,0.2
entry_843,0.2
entry_844,0.2
entry_845,0.2
entry_846,0.2
entry_847,0.2
entry_848,0.2
entry_849,0.2
entry_850,0.2
entry_851,0.2
entry_852,0.2
entry_853,0.2
entry_854,0.2
entry_855,0.2
entry_856,0.2
entry_857,0.2
entry_858,0.2
entry_859,0.2
entry_860,0.2
entry_861,0.2
entry_862,0.2
entry_863,0.2
entry_864,0.2
entry_865,0.2
entry_866,0.2
entry_867,0.2
entry_868,0.2
entry_869,0.2
entry_870,0.2
entry_871,0.2
entry_872,0.2
entry_873,0.2
entry_874,0.2
entry_875,0.2
entry_876,0.2
entry_877,0.2
entry_878,0.2
entry_879,0.2
entry_880,0.2
entry_881,0.2
entry_882,0.2
entry_883,0.2
entry_884,0.2
entry_885,0.2
entry_886,0.2
entry_887,0.2
entry_888,0.2
entry_889,0.2
entry_890,0.2
entry_891,0.2
entry_892,0.2
entry_893,0.2
entry_894,0.2
entry_895,0.2
entry_896,0.2
entry_897,0.2
entry_898,0.2
entry_899,0.2
entry_900,0.2
entry_901,0.2
entry_902,0.2
entry_903,0.2
entry_904,0.2
entry_905,0.2
entry_906,0.2
entry_907,0.2
entry_908,0.2
entry_909,0.2
entry_910,0.2
entry_911,0.2
entry_912,0.2
entry_913,0.2
entry_914,0.2
entry_915,0.2
entry_916,0.2
entry_917,0.2
entry_918,0.2
entry_919,0.2
entry_920,0.2
entry_921,0.2
entry_922,0.2
entry_923,0.2
entry_924,0.2
entry_925,0.2
entry_926,0.2
entry_927,0.2
entry_928,0.2
entry_929,0.2
entry_930,0.2
entry_931,0.2
entry_932,0.2
entry_933,0.2
entry_934,0.2
entry_935,0.2
entry_936,0.2
entry_937,0.2
entry_938,0.2
entry_939,0.2
entry_940,0.2
entry_941,0.2
entry_942,0.2
entry_943,0.2
entry_944,0.2
entry_945,0.2
entry_946,0.2
entry_947,0.2
entry_948,0.2
entry_949,0.2
entry_950,0.2
entry_951,0.2
entry_952,0.2
entry_953,0.2
entry_954,0.2
entry_955,0.2
entry_956,0.2
entry_957,0.2
entry_958,0.2
entry_959,0.2
entry_960,0.2
entry_961,0.2
entry_962,0.2
entry_963,0.2
entry_964,0.2
entry_965,0.2
entry_966,0.2
entry_967,0.2
entry_968,0.2
entry_969,0.2
entry_970,0.2
entry_971,0.2
entry_972,0.2
entry_973,0.2
entry_974,0.2
entry_975,0.2
entry_976,0.2
entry_977,0.2
entry_978,0.2
entry_979,0.2
entry_980,0.2
entry_981,0.2
entry_982,0.2
entry_983,0.2
entry_984,0.2
entry_985,0.2
entry_986,0.2
entry_987,0.2
entry_988,0.2
entry_989,0.2
entry_990,0.2
entry_991,0.2
entry_992,0.2
entry_993,0.2
entry_994,0.2
entry_995,0.2
entry_996,0.2
entry_997,0.2
entry_998,0.2
entry_999,0.2
entry_1000,0.2
entry_1001,0.2
entry_1002,0.2
entry_1003,0.2
entry_1004,0.2
entry_1005,0.2
entry_1006,0.2
entry_1007,0.2
entry_1008,0.2
entry_1009,0.2
entry_1010,0.2
entry_1011,0.2
entry_1012,0.2
entry_1013,0.2
entry_1014,0.2
entry_1015,0.2
entry_1016,0.2
entry_1017,0.2
entry_1018,0.2
entry_1019,0.2
entry_1020,0.2
entry_1021,0.2
entry_1022,0.2
entry_1023,0.2
entry_1024,0.2
entry_1025,0.2
entry_1026,0.2
entry_1027,0.2
entry_1028,0.2
entry_1029,0.2
entry_1030,0.2
entry_1031,0.2
entry_1032,0.2
entry_1033,0.2
entry_1034,0.2
entry_1035,0.2
entry_1036,0.2
entry_1037,0.2
entry_1038,0.2
entry_1039,0.2
entry_1040,0.2
entry_1041,0.2
entry_1042,0.2
entry_1043,0.2
entry_1044,0.2
entry_1045,0.2
entry_1046,0.2
entry_1047,0.2
entry_1048,0.2
entry_1049,0.2
entry_1050,0.2
entry_1051,0.2
entry_1052,0.2
entry_1053,0.2
entry_1054,0.2
entry_1055,0.2
entry_1056,0.2
entry_1057,0.2
entry_1058,0.2
entry_1059,0.2
entry_1060,0.2
entry_1061,0.2
entry_1062,0.2
entry_1063,0.2
entry_1064,0.2
entry_1065,0.2
entry_1066,0.2
entry_1067,0.2
entry_1068,0.2
entry_1069,0.2
entry_1070,0.2
entry_1071,0.2
entry_1072,0.2
entry_1073,0.2
entry_1074,0.2
entry_1075,0.2
entry_1076,0.2
entry_1077,0.2
entry_1078,0.2
entry_1079,0.2
entry_1080,0.2
entry_1081,0.2
entry_1082,0.2
entry_1083,0.2
entry_1084,0.2
entry_1085,0.2
entry_1086,0.2
entry_1087,0.2
entry_1088,0.2
entry_1089,0.2
entry_1090,0.2
entry_1091,0.2
entry_1092,0.2
entry_1093,0.2
entry_1094,0.2
entry_1095,0.2
entry_1096,0.2
entry_1097,0.2
entry_1098,0.2
entry_1099,0.2
entry_1100,0.2
entry_1101,0.2
entry_1102,0.2
entry_1103,0.2
entry_1104,0.2
entry_1105,0.2
entry_1106,0.2
entry_1107,0.2
entry_1108,0.2
entry_1109,0.2
entry_1110,0.2
entry_1111,0.2
entry_1112,0.2
entry_1113,0.2
entry_1114,0.2
entry_1115,0.2
entry_1116,0.2
entry_1117,0.2
entry_1118,0.2
entry_1119,0.2
entry_1120,0.2
entry_1121,0.2
entry_1122,0.2
entry_1123,0.2
entry_1124,0.2
entry_1125,0.2
entry_1126,0.2
entry_1127,0.2
entry_1128,0.2
entry_1129,0.2
entry_1130,0.2
entry_1131,0.2
entry_1132,0.2
entry_1133,0.2
entry_1134,0.2
entry_1135,0.2
entry_1136,0.2
entry_1137,0.2
entry_1138,0.2
entry_1139,0.2
entry_1140,0.2
entry_1141,0.2
entry_1142,0.2
entry_1143,0.2
entry_1144,0.2
entry_1145,0.2
entry_1146,0.2
entry_1147,0.2
entry_1148,0.2
entry_1149,0.2
entry_1150,0.2
entry_1151,0.2
entry_1152,0.2
entry_1153,0.2
entry_1154,0.2
entry_1155,0.2
entry_1156,0.2
entry_1157,0.2
entry_1158,0.2
entry_1159,0.2
entry_1160,0.2
entry_1161,0.2
entry_1162,0.2
entry_1163,0.2
entry_1164,0.2
entry_1165,0.2
entry_1166,0.2
entry_1167,0.2
entry_1168,0.2
entry_1169,0.2
entry_1170,0.2
entry_1171,0.2
entry_1172,0.2
entry_1173,0.2
entry_1174,0.2
entry_1175,0.2
entry_1176,0.2
entry_1177,0.2
entry_1178,0.2
entry_1179,0.2
entry_1180,0.2
entry_1181,0.2
entry_1182,0.2
entry_1183,0.2
entry_1184,0.2
entry_1185,0.2
entry_1186,0.2
entry_1187,0.2
entry_1188,0.2
entry_1189,0.2
entry_1190,0.2
entry_1191,0.2
entry_1192,0.2
entry_1193,0.2
entry_1194,0.2
entry_1195,0.2
entry_1196,0.2
entry_1197,0.2
entry_1198,0.2
entry_1199,0.2
entry_1200,0.2
entry_1201,0.2
entry_1202,0.2
entry_1203,0.2
entry_1204,0.2
entry_1205,0.2
entry_1206,0.2
entry_1207,0.2
entry_1208,0.2
entry_1209,0.2
entry_1210,0.2
entry_1211,0.2
entry_1212,0.2
entry_1213,0.2
entry_1214,0.2
entry_1215,0.2
entry_1216,0.2
entry_1217,0.2
entry_1218,0.2
entry_1219,0.2
entry_1220,0.2
entry_1221,0.2
entry_1222,0.2
entry_1223,0.2
entry_1224,0.2
entry_1225,0.2
entry_1226,0.2
entry_1227,0.2
entry_1228,0.2
entry_1229,0.2
entry_1230,0.2
entry_1231,0.2
entry_1232,0.2
entry_1233,0.2
entry_1234,0.2
entry_1235,0.2
entry_1236,0.2
entry_1237,0.2
entry_1238,0.2
entry_1239,0.2
entry_1240,0.2
entry_1241,0.2
entry_1242,0.2
entry_1243,0.2
entry_1244,0.2
entry_1245,0.2
entry_1246,0.2
entry_1247,0.2
entry_1248,0.2
entry_1249,0.2
entry_1250,0.2
entry_1251,0.2
entry_1252,0.2
entry_1253,0.2
entry_1254,0.2
entry_1255,0.2
entry_1256,0.2
entry_1257,0.2
entry_1258,0.2
entry_1259,0.2
entry_1260,0.2
entry_1261,0.2
entry_1262,0.2
entry_1263,0.2
entry_1264,0.2
entry_1265,0.2
entry_1266,0.2
entry_1267,0.2
entry_1268,0.2
entry_1269,0.2
entry_1270,0.2
entry_1271,0.2
entry_1272,0.2
entry_1273,0.2
entry_1274,0.2
entry_1275,0.2
entry_1276,0.2
entry_1277,0.2
entry_1278,0.2
entry_1279,0.2
entry_1280,0.2
entry_1281,0.2
entry_1282,0.2
entry_1283,0.2
entry_1284,0.2
entry_1285,0.2
entry_1286,0.2
entry_1287,0.2
entry_1288,0.2
entry_1289,0.2
entry_1290,0.2
entry_1291,0.2
entry_1292,0.2
entry_1293,0.2
entry_1294,0.2
entry_1295,0.2
entry_1296,0.2
entry_1297,0.2
entry_1298,0.2
entry_1299,0.2
entry_1300,0.2
entry_1301,0.2
entry_1302,0.2
entry_1303,0.2
entry_1304,0.2
entry_1305,0.2
entry_1306,0.2
entry_1307,0.2
entry_1308,0.2
entry_1309,0.2
entry_1310,0.2
entry_1311,0.2
entry_1312,0.2
entry_1313,0.2
entry_1314,0.2
entry_1315,0.2
entry_1316,0.2
entry_1317,0.2
entry_1318,0.2
entry_1319,0.2
entry_1320,0.2
entry_1321,0.2
entry_1322,0.2
entry_1323,0.2
entry_1324,0.2
entry_1325,0.2
entry_1326,0.2
entry_1327,0.2
entry_1328,0.2
entry_1329,0.2
entry_1330,0.2
entry_1331,0.2
entry_1332,0.2
entry_1333,0.2
entry_1334,0.2
entry_1335,0.2
entry_1336,0.2
entry_1337,0.2
entry_1338,0.2
entry_1339,0.2
entry_1340,0.2
entry_1341,0.2
entry_1342,0.2
entry_1343,0.2
entry_1344,0.2
entry_1345,0.2
entry_1346,0.2
entry_1347,0.2
entry_1348,0.2
entry_1349,0.2
entry_1350,0.2
entry_1351,0.2
entry_1352,0.2
entry_1353,0.2
entry_1354,0.2
entry_1355,0.2
entry_1356,0.2
entry_1357,0.2
entry_1358,0.2
entry_1359,0.2
entry_1360,0.2
entry_1361,0.2
entry_1362,0.2
entry_1363,0.2
entry_1364,0.2
entry_1365,0.2
entry_1366,0.2
entry_1367,0.2
entry_1368,0.2
entry_1369,0.2
entry_1370,0.2
entry_1371,0.2
entry_1372,0.2
entry_1373,0.2
entry_1374,0.2
entry_1375,0.2
entry_1376,0.2
entry_1377,0.2
entry_1378,0.2
entry_1379,0.2
entry_1380,0.2
entry_1381,0.2
entry_1382,0.2
entry_1383,0.2
entry_1384,0.2
entry_1385,0.2
entry_1386,0.2
entry_1387,0.2
entry_1388,0.2
entry_1389,0.2
entry_1390,0.2
entry_1391,0.2
entry_1392,0.2
entry_1393,0.2
entry_1394,0.2
entry_1395,0.2
entry_1396,0.2
entry_1397,0.2
entry_1398,0.2
entry_1399,0.2
entry_1400,0.2
entry_1401,0.2
entry_1402,0.2
entry_1403,0.2
entry_1404,0.2
entry_1405,0.2
entry_1406,0.2
entry_1407,0.2
entry_1408,0.2
entry_1409,0.2
entry_1410,0.2
entry_1411,0.2
entry_1412,0.2
entry_1413,0.2
entry_1414,0.2
entry_1415,0.2
entry_1416,0.2
entry_1417,0.2
entry_1418,0.2
entry_1419,0.2
entry_1420,0.2
entry_1421,0.2
entry_1422,0.2
entry_1423,0.2
entry_1424,0.2
entry_1425,0.2
entry_1426,0.2
entry_1427,0.2
entry_1428,0.2
entry_1429,0.2
entry_1430,0.2
entry_1431,0.2
entry_1432,0.2
entry_1433,0.2
entry_1434,0.2
entry_1435,0.2
entry_1436,0.2
entry_1437,0.2
entry_1438,0.2
entry_1439,0.2
entry_1440,0.2
entry_1441,0.2
entry_1442,0.2
entry_1443,0.2
entry_1444,0.2
entry_1445,0.2
entry_1446,0.2
entry_1447,0.2
entry_1448,0.2
entry_1449,0.2
entry_1450,0.2
entry_1451,0.2
entry_1452,0.2
entry_1453,0.2
entry_1454,0.2
entry_1455,0.2
entry_1456,0.2
entry_1457,0.2
entry_1458,0.2
entry_1459,0.2
entry_1460,0.2
entry_1461,0.2
entry_1462,0.2
entry_1463,0.2
entry_1464,0.2
entry_1465,0.2
entry_1466,0.2
entry_1467,0.2
entry_1468,0.2
entry_1469,0.2
entry_1470,0.2
entry_1471,0.2
entry_1472,0.2
entry_1473,0.2
entry_1474,0.2
entry_1475,0.2
entry_1476,0.2
entry_1477,0.2
entry_1478,0.2
entry_1479,0.2
entry_1480,0.2
entry_1481,0.2
entry_1482,0.2
entry_1483,0.2
entry_1484,0.2
entry_1485,0.2
entry_1486,0.2
entry_1487,0.2
entry_1488,0.2
entry_1489,0.2
entry_1490,0.2
entry_1491,0.2
entry_1492,0.2
entry_1493,0.2
entry_1494,0.2
entry_1495,0.2
entry_1496,0.2
entry_1497,0.2
entry_1498,0.2
entry_1499,0.2
entry_1500,0.2
entry_1501,0.2
entry_1502,0.2
entry_1503,0.2
entry_1504,0.2
entry_1505,0.2
entry_1506,0.2
entry_1507,0.2
entry_1508,0.2
entry_1509,0.2
entry_1510,0.2
entry_1511,0.2
entry_1512,0.2
entry_1513,0.2
entry_1514,0.2
entry_1515,0.2
entry_1516,0.2
entry_1517,0.2
entry_1518,0.2
entry_1519,0.2
entry_1520,0.2
entry_1521,0.2
entry_1522,0.2
entry_1523,0.2
entry_1524,0.2
entry_1525,0.2
entry_1526,0.2
entry_1527,0.2
entry_1528,0.2
entry_1529,0.2
entry_1530,0.2
entry_1531,0.2
entry_1532,0.2
entry_1533,0.2
entry_1534,0.2
entry_1535,0.2
entry_1536,0.2
entry_1537,0.2
entry_1538,0.2
entry_1539,0.2
entry_1540,0.2
entry_1541,0.2
entry_1542,0.2
entry_1543,0.2
entry_1544,0.2
entry_1545,0.2
entry_1546,0.2
entry_1547,0.2
entry_1548,0.2
entry_1549,0.2
entry_1550,0.2
entry_1551,0.2
entry_1552,0.2
entry_1553,0.2
entry_1554,0.2
entry_1555,0.2
entry_1556,0.2
entry_1557,0.2
entry_1558,0.2
entry_1559,0.2
entry_1560,0.2
entry_1561,0.2
entry_1562,0.2
entry_1563,0.2
entry_1564,0.2
entry_1565,0.2
entry_1566,0.2
entry_1567,0.2
entry_1568,0.2
entry_1569,0.2
entry_1570,0.2
entry_1571,0.2
entry_1572,0.2
entry_1573,0.2
entry_1574,0.2
entry_1575,0.2
entry_1576,0.2
entry_1577,0.2
entry_1578,0.2
entry_1579,0.2
entry_1580,0.2
entry_1581,0.2
entry_1582,0.2
entry_1583,0.2
entry_1584,0.2
entry_1585,0.2
entry_1586,0.2
entry_1587,0.2
entry_1588,0.2
entry_1589,0.2
entry_1590,0.2
entry_1591,0.2
entry_1592,0.2
entry_1593,0.2
entry_1594,0.2
entry_1595,0.2
entry_1596,0.2
entry_1597,0.2
entry_1598,0.2
entry_1599,0.2
entry_1600,0.2
entry_1601,0.2
entry_1602,0.2
entry_1603,0.2
entry_1604,0.2
entry_1605,0.2
entry_1606,0.2
entry_1607,0.2
entry_1608,0.2
entry_1609,0.2
entry_1610,0.2
entry_1611,0.2
entry_1612,0.2
entry_1613,0.2
entry_1614,0.2
entry_1615,0.2
entry_1616,0.2
entry_1617,0.2
entry_1618,0.2
entry_1619,0.2
entry_1620,0.2
entry_1621,0.2
entry_1622,0.2
entry_1623,0.2
entry_1624,0.2
entry_1625,0.2
entry_1626,0.2
entry_1627,0.2
entry_1628,0.2
entry_1629,0.2
entry_1630,0.2
entry_1631,0.2
entry_1632,0.2
entry_1633,0.2
entry_1634,0.2
entry_1635,0.2
entry_1636,0.2
entry_1637,0.2
entry_1638,0.2
entry_1639,0.2
entry_1640,0.2
entry_1641,0.2
entry_1642,0.2
entry_1643,0.2
entry_1644,0.2
entry_1645,0.2
entry_1646,0.2
entry_1647,0.2
entry_1648,0.2
entry_1649,0.2
entry_1650,0.2
entry_1651,0.2
entry_1652,0.2
entry_1653,0.2
entry_1654,0.2
entry_1655,0.2
entry_1656,0.2
entry_1657,0.2
entry_1658,0.2
entry_1659,0.2
entry_1660,0.2
entry_1661,0.2
entry_1662,0.2
entry_1663,0.2
entry_1664,0.2
entry_1665,0.2
entry_1666,0.2
entry_1667,0.2
entry_1668,0.2
entry_1669,0.2
entry_1670,0.2
entry_1671,0.2
entry_1672,0.2
entry_1673,0.2
entry_1674,0.2
entry_1675,0.2
entry_1676,0.2
entry_1677,0.2
entry_1678,0.2
entry_1679,0.2
entry_1680,0.2
entry_1681,0.2
entry_1682,0.2
entry_1683,0.2
entry_1684,0.2
entry_1685,0.2
entry_1686,0.2
entry_1687,0.2
entry_1688,0.2
entry_1689,0.2
entry_1690,0.2
entry_1691,0.2
entry_1692,0.2
entry_1693,0.2
entry_1694,0.2
entry_1695,0.2
entry_1696,0.2
entry_1697,0.2
entry_1698,0.2
entry_1699,0.2
entry_1700,0.2
entry_1701,0.2
entry_1702,0.2
entry_1703,0.2
entry_1704,0.2
entry_1705,0.2
entry_1706,0.2
entry_1707,0.2
entry_1708,0.2
entry_1709,0.2
entry_1710,0.2
entry_1711,0.2
entry_1712,0.2
entry_1713,0.2
entry_1714,0.2
entry_1715,0.2
entry_1716,0.2
entry_1717,0.2
entry_1718,0.2
entry_1719,0.2
entry_1720,0.2
entry_1721,0.2
entry_1722,0.2
entry_1723,0.2
entry_1724,0.2
entry_1725,0.2
entry_1726,0.2
entry_1727,0.2
entry_1728,0.2
entry_1729,0.2
entry_1730,0.2
entry_1731,0.2
entry_1732,0.2
entry_1733,0.2
entry_1734,0.2
entry_1735,0.2
entry_1736,0.2
entry_1737,0.2
entry_1738,0.2
entry_1739,0.2
entry_1740,0.2
entry_1741,0.2
entry_1742,0.2
entry_1743,0.2
entry_1744,0.2
entry_1745,0.2
entry_1746,0.2
entry_1747,0.2
entry_1748,0.2
entry_1749,0.2
entry_1750,0.2
entry_1751,0.2
entry_1752,0.2
entry_1753,0.2
entry_1754,0.2
entry_1755,0.2
entry_1756,0.2
entry_1757,0.2
entry_1758,0.2
entry_1759,0.2
entry_1760,0.2
entry_1761,0.2
entry_1762,0.2
entry_1763,0.2
entry_1764,0.2
entry_1765,0.2
entry_1766,0.2
entry_1767,0.2
entry_1768,0.2
entry_1769,0.2
entry_1770,0.2
entry_1771,0.2
entry_1772,0.2
entry_1773,0.2
entry_1774,0.2
entry_1775,0.2
entry_1776,0.2
entry_1777,0.2
entry_1778,0.2
entry_1779,0.2
entry_1780,0.2
entry_1781,0.2
entry_1782,0.2
entry_1783,0.2
entry_1784,0.2
entry_1785,0.2
entry_1786,0.2
entry_1787,0.2
entry_1788,0.2
entry_1789,0.2
entry_1790,0.2
entry_1791,0.2
entry_1792,0.2
entry_1793,0.2
entry_1794,0.2
entry_1795,0.2
entry_1796,0.2
entry_1797,0.2
entry_1798,0.2
entry_1799,0.2
entry_1800,0.2
entry_1801,0.2
entry_1802,0.2
entry_1803,0.2
entry_1804,0.2
entry_1805,0.2
entry_1806,0.2
entry_1807,0.2
entry_1808,0.2
entry_1809,0.2
entry_1810,0.2
entry_1811,0.2
entry_1812,0.2
entry_1813,0.2
entry_1814,0.2
entry_1815,0.2
entry_1816,0.2
entry_1817,0.2
entry_1818,0.2
entry_1819,0.2
entry_1820,0.2
entry_1821,0.2
entry_1822,0.2
entry_1823,0.2
entry_1824,0.2
entry_1825,0.2
entry_1826,0.2
entry_1827,0.2
entry_1828,0.2
entry_1829,0.2
entry_1830,0.2
entry_1831,0.2
entry_1832,0.2
entry_1833,0.2
entry_1834,0.2
entry_1835,0.2
entry_1836,0.2
entry_1837,0.2
entry_1838,0.2
entry_1839,0.2
entry_1840,0.2
entry_1841,0.2
entry_1842,0.2
entry_1843,0.2
entry_1844,0.2
entry_1845,0.2
entry_1846,0.2
entry_1847,0.2
entry_1848,0.2
entry_1849,0.2
entry_1850,0.2
entry_1851,0.2
entry_1852,0.2
entry_1853,0.2
entry_1854,0.2
entry_1855,0.2
entry_1856,0.2
entry_1857,0.2
entry_1858,0.2
entry_1859,0.2
entry_1860,0.2
entry_1861,0.2
entry_1862,0.2
entry_1863,0.2
entry_1864,0.2
entry_1865,0.2
entry_1866,0.2
entry_1867,0.2
entry_1868,0.2
entry_1869,0.2
entry_1870,0.2
entry_1871,0.2
entry_1872,0.2
entry_1873,0.2
entry_1874,0.2
entry_1875,0.2
entry_1876,0.2
entry_1877,0.2
entry_1878,0.2
entry_1879,0.2
entry_1880,0.2
entry_1881,0.2
entry_1882,0.2
entry_1883,0.2
entry_1884,0.2
entry_1885,0.2
entry_1886,0.2
entry_1887,0.2
entry_1888,0.2
entry_1889,0.2
entry_1890,0.2
entry_1891,0.2
entry_1892,0.2
entry_1893,0.2
entry_1894,0.2
entry_1895,0.2
entry_1896,0.2
entry_1897,0.2
entry_1898,0.2
entry_1899,0.2
entry_1900,0.2
entry_1901,0.2
entry_1902,0.2
entry_1903,0.2
entry_1904,0.2
entry_1905,0.2
entry_1906,0.2
entry_1907,0.2
entry_1908,0.2
entry_1909,0.2
entry_1910,0.2
entry_1911,0.2
entry_1912,0.2
entry_1913,0.2
entry_1914,0.2
entry_1915,0.2
entry_1916,0.2
entry_1917,0.2
entry_1918,0.2
entry_1919,0.2
entry_1920,0.2
entry_1921,0.2
entry_1922,0.2
entry_1923,0.2
entry_1924,0.2
entry_1925,0.2
entry_1926,0.2
entry_1927,0.2
entry_1928,0.2
entry_1929,0.2
entry_1930,0.2
entry_1931,0.2
entry_1932,0.2
entry_1933,0.2
entry_1934,0.2
entry_1935,0.2
entry_1936,0.2
entry_1937,0.2
entry_1938,0.2
entry_1939,0.2
entry_1940,0.2
entry_1941,0.2
entry_1942,0.2
entry_1943,0.2
entry_1944,0.2
entry_1945,0.2
entry_1946,0.2
entry_1947,0.2
entry_1948,0.2
entry_1949,0.2
entry_1950,0.2
entry_1951,0.2
entry_1952,0.2
entry_1953,0.2
entry_1954,0.2
entry_1955,0.2
entry_1956,0.2
entry_1957,0.2
entry_1958,0.2
entry_1959,0.2
entry_1960,0.2
entry_1961,0.2
entry_1962,0.2
entry_1963,0.2
entry_1964,0.2
entry_1965,0.2
entry_1966,0.2
entry_1967,0.2
entry_1968,0.2
entry_1969,0.2
entry_1970,0.2
entry_1971,0.2
entry_1972,0.2
entry_1973,0.2
entry_1974,0.2
entry_1975,0.2
entry_1976,0.2
entry_1977,0.2
entry_1978,0.2
entry_1979,0.2
entry_1980,0.2
entry_1981,0.2
entry_1982,0.2
entry_1983,0.2
entry_1984,0.2
entry_1985,0.2
entry_1986,0.2
entry_1987,0.2
entry_1988,0.2
entry_1989,0.2
entry_1990,0.2
entry_1991,0.2
entry_1992,0.2
entry_1993,0.2
entry_1994,0.2
entry_1995,0.2
entry_1996,0.2
entry_1997,0.2
entry_1998,0.2
entry_1999,0.2
entry_2000,0.8
entry_2001,0.8
entry_2002,0.8
entry_2003,0.8
entry_2004,0.8
entry_2005,0.8
entry_2006,0.8
entry_2007,0.8
entry_2008,0.8
entry_2009,0.8
entry_2010,0.8
entry_2011,0.8
entry_2012,0.8
entry_2013,0.8
entry_2014,0.8
entry_2015,0.8
entry_2016,0.8
entry_2017,0.8
entry_2018,0.8
entry_2019,0.8
entry_2020,0.8
entry_2021,0.8
entry_2022,0.8
entry_2023,0.8
entry_2024,0.8
entry_2025,0.8
entry_2026,0.8
entry_2027,0.8
entry_2028,0.8
entry_2029,0.8
entry_2030,0.8
entry_2031,0.8
entry_2032,0.8
entry_2033,0.8
entry_2034,0.8
entry_2035,0.8
entry_2036,0.8
entry_2037,0.8
entry_2038,0.8
entry_2039,0.8
entry_2040,0.8
entry_2041,0.8
entry_2042,0.8
entry_2043,0.8
entry_2044,0.8
entry_2045,0.8
entry_2046,0.8
entry_2047,0.8
entry_2048,0.8
entry_2049,0.8
entry_2050,0.8
entry_2051,0.8
entry_2052,0.8
entry_2053,0.8
entry_2054,0.8
entry_2055,0.8
entry_2056,0.8
entry_2057,0.8
entry_2058,0.8
entry_2059,0.8
entry_2060,0.8
entry_2061,0.8
entry_2062,0.8
entry_2063,0.8
entry_2064,0.8
entry_2065,0.8
entry_2066,0.8
entry_2067,0.8
entry_2068,0.8
entry_2069,0.8
entry_2070,0.8
entry_2071,0.8
entry_2072,0.8
entry_2073,0.8
entry_2074,0.8
entry_2075,0.8
entry_2076,0.8
entry_2077,0.8
entry_2078,0.8
entry_2079,0.8
entry_2080,0.8
entry_2081,0.8
entry_2082,0.8
entry_2083,0.8
entry_2084,0.8
entry_2085,0.8
entry_2086,0.8
entry_2087,0.8
entry_2088,0.8
entry_2089,0.8
entry_2090,0.8
entry_2091,0.8
entry_2092,0.8
entry_2093,0.8
entry_2094,0.8
entry_2095,0.8
entry_2096,0.8
entry_2097,0.8
entry_2098,0.8
entry_2099,0.8
entry_2100,0.8
entry_2101,0.8
entry_2102,0.8
entry_2103,0.8
entry_2104,0.8
entry_2105,0.8
entry_2106,0.8
entry_2107,0.8
entry_2108,0.8
entry_2109,0.8
entry_2110,0.8
entry_2111,0.8
entry_2112,0.8
entry_2113,0.8
entry_2114,0.8
entry_2115,0.8
entry_2116,0.8
entry_2117,0.8
entry_2118,0.8
entry_2119,0.8
entry_2120,0.8
entry_2121,0.8
entry_2122,0.8
entry_2123,0.8
entry_2124,0.8
entry_2125,0.8
entry_2126,0.8
entry_2127,0.8
entry_2128,0.8
entry_2129,0.8
entry_2130,0.8
entry_2131,0.8
entry_2132,0.8
entry_2133,0.8
entry_2134,0.8
entry_2135,0.8
entry_2136,0.8
entry_2137,0.8
entry_2138,0.8
entry_2139,0.8
entry_2140,0.8
entry_2141,0.8
entry_2142,0.8
entry_2143,0.8
entry_2144,0.8
entry_2145,0.8
entry_2146,0.8
entry_2147,0.8
entry_2148,0.8
entry_2149,0.8
entry_2150,0.8
entry_2151,0.8
entry_2152,0.8
entry_2153,0.8
entry_2154,0.8
entry_2155,0.8
entry_2156,0.8
entry_2157,0.8
entry_2158,0.8
entry_2159,0.8
entry_2160,0.8
entry_2161,0.8
entry_2162,0.8
entry_2163,0.8
entry_2164,0.8
entry_2165,0.8
entry_2166,0.8
entry_2167,0.8
entry_2168,0.8
entry_2169,0.8
entry_2170,0.8
entry_2171,0.8
entry_2172,0.8
entry_2173,0.8
entry_2174,0.8
entry_2175,0.8
entry_2176,0.8
entry_2177,0.8
entry_2178,0.8
entry_2179,0.8
entry_2180,0.8
entry_2181,0.8
entry_2182,0.8
entry_2183,0.8
entry_2184,0.8
entry_2185,0.8
entry_2186,0.8
entry_2187,0.8
entry_2188,0.8
entry_2189,0.8
entry_2190,0.8
entry_2191,0.8
entry_2192,0.8
entry_2193,0.8
entry_2194,0.8
entry_2195,0.8
entry_2196,0.8
entry_2197,0.8
entry_2198,0.8
entry_2199,0.8
entry_2200,0.8
entry_2201,0.8
entry_2202,0.8
entry_2203,0.8
entry_2204,0.8
entry_2205,0.8
entry_2206,0.8
entry_2207,0.8
entry_2208,0.8
entry_2209,0.8
entry_2210,0.8
entry_2211,0.8
entry_2212,0.8
entry_2213,0.8
entry_2214,0.8
entry_2215,0.8
entry_2216,0.8
entry_2217,0.8
entry_2218,0.8
entry_2219,0.8
entry_2220,0.8
entry_2221,0.8
entry_2222,0.8
entry_2223,0.8
entry_2224,0.8
entry_2225,0.8
entry_2226,0.8
entry_2227,0.8
entry_2228,0.8
entry_2229,0.8
entry_2230,0.8
entry_2231,0.8
entry_2232,0.8
entry_2233,0.8
entry_2234,0.8
entry_2235,0.8
entry_2236,0.8
entry_2237,0.8
entry_2238,0.8
entry_2239,0.8
entry_2240,0.8
entry_2241,0.8
entry_2242,0.8
entry_2243,0.8
entry_2244,0.8
entry_2245,0.8
entry_2246,0.8
entry_2247,0.8
entry_2248,0.8
entry_2249,0.8
entry_2250,0.8
entry_2251,0.8
entry_2252,0.8
entry_2253,0.8
entry_2254,0.8
entry_2255,0.8
entry_2256,0.8
entry_2257,0.8
entry_2258,0.8
entry_2259,0.8
entry_2260,0.8
entry_2261,0.8
entry_2262,0.8
entry_2263,0.8
entry_2264,0.8
entry_2265,0.8
entry_2266,0.8
entry_2267,0.8
entry_2268,0.8
entry_2269,0.8
entry_2270,0.8
entry_2271,0.8
entry_2272,0.8
entry_2273,0.8
entry_2274,0.8
entry_2275,0.8
entry_2276,0.8
entry_2277,0.8
entry_2278,0.8
entry_2279,0.8
entry_2280,0.8
entry_2281,0.8
entry_2282,0.8
entry_2283,0.8
entry_2284,0.8
entry_2285,0.8
entry_2286,0.8
entry_2287,0.8
entry_2288,0.8
entry_2289,0.8
entry_2290,0.8
entry_2291,0.8
entry_2292,0.8
entry_2293,0.8
entry_2294,0.8
entry_2295,0.8
entry_2296,0.8
entry_2297,0.8
entry_2298,0.8
entry_2299,0.8
entry_2300,0.8
entry_2301,0.8
entry_2302,0.8
entry_2303,0.8
entry_2304,0.8
entry_2305,0.8
entry_2306,0.8
entry_2307,0.8
entry_2308,0.8
entry_2309,0.8
entry_2310,0.8
entry_2311,0.8
entry_2312,0.8
entry_2313,0.8
entry_2314,0.8
entry_2315,0.8
entry_2316,0.8
entry_2317,0.8
entry_2318,0.8
entry_2319,0.8
entry_2320,0.8
entry_2321,0.8
entry_2322,0.8
entry_2323,0.8
entry_2324,0.8
entry_2325,0.8
entry_2326,0.8
entry_2327,0.8
entry_2328,0.8
entry_2329,0.8
entry_2330,0.8
entry_2331,0.8
entry_2332,0.8
entry_2333,0.8
entry_2334,0.8
entry_2335,0.8
entry_2336,0.8
entry_2337,0.8
entry_2338,0.8
entry_2339,0.8
entry_2340,0.8
entry_2341,0.8
entry_2342,0.8
entry_2343,0.8
entry_2344,0.8
entry_2345,0.8
entry_2346,0.8
entry_2347,0.8
entry_2348,0.8
entry_2349,0.8
entry_2350,0.8
entry_2351,0.8
entry_2352,0.8
entry_2353,0.8
entry_2354,0.8
entry_2355,0.8
entry_2356,0.8
entry_2357,0.8
entry_2358,0.8
entry_2359,0.8
entry_2360,0.8
entry_2361,0.8
entry_2362,0.8
entry_2363,0.8
entry_2364,0.8
entry_2365,0.8
entry_2366,0.8
entry_2367,0.8
entry_2368,0.8
entry_2369,0.8
entry_2370,0.8
entry_2371,0.8
entry_2372,0.8
entry_2373,0.8
entry_2374,0.8
entry_2375,0.8
entry_2376,0.8
entry_2377,0.8
entry_2378,0.8
entry_2379,0.8
entry_2380,0.8
entry_2381,0.8
entry_2382,0.8
entry_2383,0.8
entry_2384,0.8
entry_2385,0.8
entry_2386,0.8
entry_2387,0.8
entry_2388,0.8
entry_2389,0.8
entry_2390,0.8
entry_2391,0.8
entry_2392,0.8
entry_2393,0.8
entry_2394,0.8
entry_2395,0.8
entry_2396,0.8
entry_2397,0.8
entry_2398,0.8
entry_2399,0.8
entry_2400,0.8
entry_2401,0.8
entry_2402,0.8
entry_2403,0.8
entry_2404,0.8
entry_2405,0.8
entry_2406,0.8
entry_2407,0.8
entry_2408,0.8
entry_2409,0.8
entry_2410,0.8
entry_2411,0.8
entry_2412,0.8
entry_2413,0.8
entry_2414,0.8
entry_2415,0.8
entry_2416,0.8
entry_2417,0.8
entry_2418,0.8
entry_2419,0.8
entry_2420,0.8
entry_2421,0.8
entry_2422,0.8
entry_2423,0.8
entry_2424,0.8
entry_2425,0.8
entry_2426,0.8
entry_2427,0.8
entry_2428,0.8
entry_2429,0.8
entry_2430,0.8
entry_2431,0.8
entry_2432,0.8
entry_2433,0.8
entry_2434,0.8
entry_2435,0.8
entry_2436,0.8
entry_2437,0.8
entry_2438,0.8
entry_2439,0.8
entry_2440,0.8
entry_2441,0.8
entry_2442,0.8
entry_2443,0.8
entry_2444,0.8
entry_2445,0.8
entry_2446,0.8
entry_2447,0.8
entry_2448,0.8
entry_2449,0.8
entry_2450,0.8
entry_2451,0.8
entry_2452,0.8
entry_2453,0.8
entry_2454,0.8
entry_2455,0.8
entry_2456,0.8
entry_2457,0.8
entry_2458,0.8
entry_2459,0.8
entry_2460,0.8
entry_2461,0.8
entry_2462,0.8
entry_2463,0.8
entry_2464,0.8
entry_2465,0.8
entry_2466,0.8
entry_2467,0.8
entry_2468,0.8
entry_2469,0.8
entry_2470,0.8
entry_2471,0.8
entry_2472,0.8
entry_2473,0.8
entry_2474,0.8
entry_2475,0.8
entry_2476,0.8
entry_2477,0.8
entry_2478,0.8
entry_2479,0.8
entry_2480,0.8
entry_2481,0.8
entry_2482,0.8
entry_2483,0.8
entry_2484,0.8
entry_2485,0.8
entry_2486,0.8
entry_2487,0.8
entry_2488,0.8
entry_2489,0.8
entry_2490,0.8
entry_2491,0.8
entry_2492,0.8
entry_2493,0.8
entry_2494,0.8
entry_2495,0.8
entry_2496,0.8
entry_2497,0.8
entry_2498,0.8
entry_2499,0.8
entry_2500,0.8
entry_2501,0.8
entry_2502,0.8
entry_2503,0.8
entry_2504,0.8
entry_2505,0.8
entry_2506,0.8
entry_2507,0.8
entry_2508,0.8
entry_2509,0.8
entry_2510,0.8
entry_2511,0.8
entry_2512,0.8
entry_2513,0.8
entry_2514,0.8
entry_2515,0.8
entry_2516,0.8
entry_2517,0.8
entry_2518,0.8
entry_2519,0.8
entry_2520,0.8
entry_2521,0.8
entry_2522,0.8
entry_2523,0.8
entry_2524,0.8
entry_2525,0.8
entry_2526,0.8
entry_2527,0.8
entry_2528,0.8
entry_2529,0.8
entry_2530,0.8
entry_2531,0.8
entry_2532,0.8
entry_2533,0.8
entry_2534,0.8
entry_2535,0.8
entry_2536,0.8
entry_2537,0.8
entry_2538,0.8
entry_2539,0.8
entry_2540,0.8
entry_2541,0.8
entry_2542,0.8
entry_2543,0.8
entry_2544,0.8
entry_2545,0.8
entry_2546,0.8
entry_2547,0.8
entry_2548,0.8
entry_2549,0.8
entry_2550,0.8
entry_2551,0.8
entry_2552,0.8
entry_2553,0.8
entry_2554,0.8
entry_2555,0.8
entry_2556,0.8
entry_2557,0.8
entry_2558,0.8
entry_2559,0.8
entry_2560,0.8
entry_2561,0.8
entry_2562,0.8
entry_2563,0.8
entry_2564,0.8
entry_2565,0.8
entry_2566,0.8
entry_2567,0.8
entry_2568,0.8
entry_2569,0.8
entry_2570,0.8
entry_2571,0.8
entry_2572,0.8
entry_2573,0.8
entry_2574,0.8
entry_2575,0.8
entry_2576,0.8
entry_2577,0.8
entry_2578,0.8
entry_2579,0.8
entry_2580,0.8
entry_2581,0.8
entry_2582,0.8
entry_2583,0.8
entry_2584,0.8
entry_2585,0.8
entry_2586,0.8
entry_2587,0.8
entry_2588,0.8
entry_2589,0.8
entry_2590,0.8
entry_2591,0.8
entry_2592,0.8
entry_2593,0.8
entry_2594,0.8
entry_2595,0.8
entry_2596,0.8
entry_2597,0.8
entry_2598,0.8
entry_2599,0.8
entry_2600,0.8
entry_2601,0.8
entry_2602,0.8
entry_2603,0.8
entry_2604,0.8
entry_2605,0.8
entry_2606,0.8
entry_2607,0.8
entry_2608,0.8
entry_2609,0.8
entry_2610,0.8
entry_2611,0.8
entry_2612,0.8
entry_2613,0.8
entry_2614,0.8
entry_2615,0.8
entry_2616,0.8
entry_2617,0.8
entry_2618,0.8
entry_2619,0.8
entry_2620,0.8
entry_2621,0.8
entry_2622,0.8
entry_2623,0.8
entry_2624,0.8
entry_2625,0.8
entry_2626,0.8
entry_2627,0.8
entry_2628,0.8
entry_2629,0.8
entry_2630,0.8
entry_2631,0.8
entry_2632,0.8
entry_2633,0.8
entry_2634,0.8
entry_2635,0.8
entry_2636,0.8
entry_2637,0.8
entry_2638,0.8
entry_2639,0.8
entry_2640,0.8
entry_2641,0.8
entry_2642,0.8
entry_2643,0.8
entry_2644,0.8
entry_2645,0.8
entry_2646,0.8
entry_2647,0.8
entry_2648,0.8
entry_2649,0.8
entry_2650,0.8
entry_2651,0.8
entry_2652,0.8
entry_2653,0.8
entry_2654,0.8
entry_2655,0.8
entry_2656,0.8
entry_2657,0.8
entry_2658,0.8
entry_2659,0.8
entry_2660,0.8
entry_2661,0.8
entry_2662,0.8
entry_2663,0.8
entry_2664,0.8
entry_2665,0.8
entry_2666,0.8
entry_2667,0.8
entry_2668,0.8
entry_2669,0.8
entry_2670,0.8
entry_2671,0.8
entry_2672,0.8
entry_2673,0.8
entry_2674,0.8
entry_2675,0.8
entry_2676,0.8
entry_2677,0.8
entry_2678,0.8
entry_2679,0.8
entry_2680,0.8
entry_2681,0.8
entry_2682,0.8
entry_2683,0.8
entry_2684,0.8
entry_2685,0.8
entry_2686,0.8
entry_2687,0.8
entry_2688,0.8
entry_2689,0.8
entry_2690,0.8
entry_2691,0.8
entry_2692,0.8
entry_2693,0.8
entry_2694,0.8
entry_2695,0.8
entry_2696,0.8
entry_2697,0.8
entry_2698,0.8
entry_2699,0.8
entry_2700,0.8
entry_2701,0.8
entry_2702,0.8
entry_2703,0.8
entry_2704,0.8
entry_2705,0.8
entry_2706,0.8
entry_2707,0.8
entry_2708,0.8
entry_2709,0.8
entry_2710,0.8
entry_2711,0.8
entry_2712,0.8
entry_2713,0.8
entry_2714,0.8
entry_2715,0.8
entry_2716,0.8
entry_2717,0.8
entry_2718,0.8
entry_2719,0.8
entry_2720,0.8
entry_2721,0.8
entry_2722,0.8
entry_2723,0.8
entry_2724,0.8
entry_2725,0.8
entry_2726,0.8
entry_2727,0.8
entry_2728,0.8
entry_2729,0.8
entry_2730,0.8
entry_2731,0.8
entry_2732,0.8
entry_2733,0.8
entry_2734,0.8
entry_2735,0.8
entry_2736,0.8
entry_2737,0.8
entry_2738,0.8
entry_2739,0.8
entry_2740,0.8
entry_2741,0.8
entry_2742,0.8
entry_2743,0.8
entry_2744,0.8
entry_2745,0.8
entry_2746,0.8
entry_2747,0.8
entry_2748,0.8
entry_2749,0.8
entry_2750,0.8
entry_2751,0.8
entry_2752,0.8
entry_2753,0.8
entry_2754,0.8
entry_2755,0.8
entry_2756,0.8
entry_2757,0.8
entry_2758,0.8
entry_2759,0.8
entry_2760,0.8
entry_2761,0.8
entry_2762,0.8
entry_2763,0.8
entry_2764,0.8
entry_2765,0.8
entry_2766,0.8
entry_2767,0.8
entry_2768,0.8
entry_2769,0.8
entry_2770,0.8
entry_2771,0.8
entry_2772,0.8
entry_2773,0.8
entry_2774,0.8
entry_2775,0.8
entry_2776,0.8
entry_2777,0.8
entry_2778,0.8
entry_2779,0.8
entry_2780,0.8
entry_2781,0.8
entry_2782,0.8
entry_2783,0.8
entry_2784,0.8
entry_2785,0.8
entry_2786,0.8
entry_2787,0.8
entry_2788,0.8
entry_2789,0.8
entry_2790,0.8
entry_2791,0.8
entry_2792,0.8
entry_2793,0.8
entry_2794,0.8
entry_2795,0.8
entry_2796,0.8
entry_2797,0.8
entry_2798,0.8
entry_2799,0.8
entry_2800,0.8
entry_2801,0.8
entry_2802,0.8
entry_2803,0.8
entry_2804,0.8
entry_2805,0.8
entry_2806,0.8
entry_2807,0.8
entry_2808,0.8
entry_2809,0.8
entry_2810,0.8
entry_2811,0.8
entry_2812,0.8
entry_2813,0.8
entry_2814,0.8
entry_2815,0.8
entry_2816,0.8
entry_2817,0.8
entry_2818,0.8
entry_2819,0.8
entry_2820,0.8
entry_2821,0.8
entry_2822,0.8
entry_2823,0.8
entry_2824,0.8
entry_2825,0.8
entry_2826,0.8
entry_2827,0.8
entry_2828,0.8
entry_2829,0.8
entry_2830,0.8
entry_2831,0.8
entry_2832,0.8
entry_2833,0.8
entry_2834,0.8
entry_2835,0.8
entry_2836,0.8
entry_2837,0.8
entry_2838,0.8
entry_2839,0.8
entry_2840,0.8
entry_2841,0.8
entry_2842,0.8
entry_2843,0.8
entry_2844,0.8
entry_2845,0.8
entry_2846,0.8
entry_2847,0.8
entry_2848,0.8
entry_2849,0.8
entry_2850,0.8
entry_2851,0.8
entry_2852,0.8
entry_2853,0.8
entry_2854,0.8
entry_2855,0.8
entry_2856,0.8
entry_2857,0.8
entry_2858,0.8
entry_2859,0.8
entry_2860,0.8
entry_2861,0.8
entry_2862,0.8
entry_2863,0.8
entry_2864,0.8
entry_2865,0.8
entry_2866,0.8
entry_2867,0.8
entry_2868,0.8
entry_2869,0.8
entry_2870,0.8
entry_2871,0.8
entry_2872,0.8
entry_2873,0.8
entry_2874,0.8
entry_2875,0.8
entry_2876,0.8
entry_2877,0.8
entry_2878,0.8
entry_2879,0.8
entry_2880,0.8
entry_2881,0.8
entry_2882,0.8
entry_2883,0.8
entry_2884,0.8
entry_2885,0.8
entry_2886,0.8
entry_2887,0.8
entry_2888,0.8
entry_2889,0.8
entry_2890,0.8
entry_2891,0.8
entry_2892,0.8
entry_2893,0.8
entry_2894,0.8
entry_2895,0.8
entry_2896,0.8
entry_2897,0.8
entry_2898,0.8
entry_2899,0.8
entry_2900,0.8
entry_2901,0.8
entry_2902,0.8
entry_2903,0.8
entry_2904,0.8
entry_2905,0.8
entry_2906,0.8
entry_2907,0.8
entry_2908,0.8
entry_2909,0.8
entry_2910,0.8
entry_2911,0.8
entry_2912,0.8
entry_2913,0.8
entry_2914,0.8
entry_2915,0.8
entry_2916,0.8
entry_2917,0.8
entry_2918,0.8
entry_2919,0.8
entry_2920,0.8
entry_2921,0.8
entry_2922,0.8
entry_2923,0.8
entry_2924,0.8
entry_2925,0.8
entry_2926,0.8
entry_2927,0.8
entry_2928,0.8
entry_2929,0.8
entry_2930,0.8
entry_2931,0.8
entry_2932,0.8
entry_2933,0.8
entry_2934,0.8
entry_2935,0.8
entry_2936,0.8
entry_2937,0.8
entry_2938,0.8
entry_2939,0.8
entry_2940,0.8
entry_2941,0.8
entry_2942,0.8
entry_2943,0.8
entry_2944,0.8
entry_2945,0.8
entry_2946,0.8
entry_2947,0.8
entry_2948,0.8
entry_2949,0.8
entry_2950,0.8
entry_2951,0.8
entry_2952,0.8
entry_2953,0.8
entry_2954,0.8
entry_2955,0.8
entry_2956,0.8
entry_2957,0.8
entry_2958,0.8
entry_2959,0.8
entry_2960,0.8
entry_2961,0.8
entry_2962,0.8
entry_2963,0.8
entry_2964,0.8
entry_2965,0.8
entry_2966,0.8
entry_2967,0.8
entry_2968,0.8
entry_2969,0.8
entry_2970,0.8
entry_2971,0.8
entry_2972,0.8
entry_2973,0.8
entry_2974,0.8
entry_2975,0.8
entry_2976,0.8
entry_2977,0.8
entry_2978,0.8
entry_2979,0.8
entry_2980,0.8
entry_2981,0.8
entry_2982,0.8
entry_2983,0.8
entry_2984,0.8
entry_2985,0.8
entry_2986,0.8
entry_2987,0.8
entry_2988,0.8
entry_2989,0.8
entry_2990,0.8
entry_2991,0.8
entry_2992,0.8
entry_2993,0.8
entry_2994,0.8
entry_2995,0.8
entry_2996,0.8
entry_2997,0.8
entry_2998,0.8
entry_2999,0.8
entry_3000,0.8
entry_3001,0.8
entry_3002,0.8
entry_3003,0.8
entry_3004,0.8
entry_3005,0.8
entry_3006,0.8
entry_3007,0.8
entry_3008,0.8
entry_3009,0.8
entry_3010,0.8
entry_3011,0.8
entry_3012,0.8
entry_3013,0.8
entry_3014,0.8
entry_3015,0.8
entry_3016,0.8
entry_3017,0.8
entry_3018,0.8
entry_3019,0.8
entry_3020,0.8
entry_3021,0.8
entry_3022,0.8
entry_3023,0.8
entry_3024,0.8
entry_3025,0.8
entry_3026,0.8
entry_3027,0.8
entry_3028,0.8
entry_3029,0.8
entry_3030,0.8
entry_3031,0.8
entry_3032,0.8
entry_3033,0.8
entry_3034,0.8
entry_3035,0.8
entry_3036,0.8
entry_3037,0.8
entry_3038,0.8
entry_3039,0.8
entry_3040,0.8
entry_3041,0.8
entry_3042,0.8
entry_3043,0.8
entry_3044,0.8
entry_3045,0.8
entry_3046,0.8
entry_3047,0.8
entry_3048,0.8
entry_3049,0.8
entry_3050,0.8
entry_3051,0.8
entry_3052,0.8
entry_3053,0.8
entry_3054,0.8
entry_3055,0.8
entry_3056,0.8
entry_3057,0.8
entry_3058,0.8
entry_3059,0.8
entry_3060,0.8
entry_3061,0.8
entry_3062,0.8
entry_3063,0.8
entry_3064,0.8
entry_3065,0.8
entry_3066,0.8
entry_3067,0.8
entry_3068,0.8
entry_3069,0.8
entry_3070,0.8
entry_3071,0.8
entry_3072,0.8
entry_3073,0.8
entry_3074,0.8
entry_3075,0.8
entry_3076,0.8
entry_3077,0.8
entry_3078,0.8
entry_3079,0.8
entry_3080,0.8
entry_3081,0.8
entry_3082,0.8
entry_3083,0.8
entry_3084,0.8
entry_3085,0.8
entry_3086,0.8
entry_3087,0.8
entry_3088,0.8
entry_3089,0.8
entry_3090,0.8
entry_3091,0.8
entry_3092,0.8
entry_3093,0.8
entry_3094,0.8
entry_3095,0.8
entry_3096,0.8
entry_3097,0.8
entry_3098,0.8
entry_3099,0.8
entry_3100,0.8
entry_3101,0.8
entry_3102,0.8
entry_3103,0.8
entry_3104,0.8
entry_3105,0.8
entry_3106,0.8
entry_3107,0.8
entry_3108,0.8
entry_3109,0.8
entry_3110,0.8
entry_3111,0.8
entry_3112,0.8
entry_3113,0.8
entry_3114,0.8
entry_3115,0.8
entry_3116,0.8
entry_3117,0.8
entry_3118,0.8
entry_3119,0.8
entry_3120,0.8
entry_3121,0.8
entry_3122,0.8
entry_3123,0.8
entry_3124,0.8
entry_3125,0.8
entry_3126,0.8
entry_3127,0.8
entry_3128,0.8
entry_3129,0.8
entry_3130,0.8
entry_3131,0.8
entry_3132,0.8
entry_3133,0.8
entry_3134,0.8
entry_3135,0.8
entry_3136,0.8
entry_3137,0.8
entry_3138,0.8
entry_3139,0.8
entry_3140,0.8
entry_3141,0.8
entry_3142,0.8
entry_3143,0.8
entry_3144,0.8
entry_3145,0.8
entry_3146,0.8
entry_3147,0.8
entry_3148,0.8
entry_3149,0.8
entry_3150,0.8
entry_3151,0.8
entry_3152,0.8
entry_3153,0.8
entry_3154,0.8
entry_3155,0.8
entry_3156,0.8
entry_3157,0.8
entry_3158,0.8
entry_3159,0.8
entry_3160,0.8
entry_3161,0.8
entry_3162,0.8
entry_3163,0.8
entry_3164,0.8
entry_3165,0.8
entry_3166,0.8
entry_3167,0.8
entry_3168,0.8
entry_3169,0.8
entry_3170,0.8
entry_3171,0.8
entry_3172,0.8
entry_3173,0.8
entry_3174,0.8
entry_3175,0.8
entry_3176,0.8
entry_3177,0.8
entry_3178,0.8
entry_3179,0.8
entry_3180,0.8
entry_3181,0.8
entry_3182,0.8
entry_3183,0.8
entry_3184,0.8
entry_3185,0.8
entry_3186,0.8
entry_3187,0.8
entry_3188,0.8
entry_3189,0.8
entry_3190,0.8
entry_3191,0.8
entry_3192,0.8
entry_3193,0.8
entry_3194,0.8
entry_3195,0.8
entry_3196,0.8
entry_3197,0.8
entry_3198,0.8
entry_3199,0.8
entry_3200,0.8
entry_3201,0.8
entry_3202,0.8
entry_3203,0.8
entry_3204,0.8
entry_3205,0.8
entry_3206,0.8
entry_3207,0.8
entry_3208,0.8
entry_3209,0.8
entry_3210,0.8
entry_3211,0.8
entry_3212,0.8
entry_3213,0.8
entry_3214,0.8
entry_3215,0.8
entry_3216,0.8
entry_3217,0.8
entry_3218,0.8
entry_3219,0.8
entry_3220,0.8
entry_3221,0.8
entry_3222,0.8
entry_3223,0.8
entry_3224,0.8
entry_3225,0.8
entry_3226,0.8
entry_3227,0.8
entry_3228,0.8
entry_3229,0.8
entry_3230,0.8
entry_3231,0.8
entry_3232,0.8
entry_3233,0.8
entry_3234,0.8
entry_3235,0.8
entry_3236,0.8
entry_3237,0.8
entry_3238,0.8
entry_3239,0.8
entry_3240,0.8
entry_3241,0.8
entry_3242,0.8
entry_3243,0.8
entry_3244,0.8
entry_3245,0.8
entry_3246,0.8
entry_3247,0.8
entry_3248,0.8
entry_3249,0.8
entry_3250,0.8
entry_3251,0.8
entry_3252,0.8
entry_3253,0.8
entry_3254,0.8
entry_3255,0.8
entry_3256,0.8
entry_3257,0.8
entry_3258,0.8
entry_3259,0.8
entry_3260,0.8
entry_3261,0.8
entry_3262,0.8
entry_3263,0.8
entry_3264,0.8
entry_3265,0.8
entry_3266,0.8
entry_3267,0.8
entry_3268,0.8
entry_3269,0.8
entry_3270,0.8
entry_3271,0.8
entry_3272,0.8
entry_3273,0.8
entry_3274,0.8
entry_3275,0.8
entry_3276,0.8
entry_3277,0.8
entry_3278,0.8
entry_3279,0.8
entry_3280,0.8
entry_3281,0.8
entry_3282,0.8
entry_3283,0.8
entry_3284,0.8
entry_3285,0.8
entry_3286,0.8
entry_3287,0.8
entry_3288,0.8
entry_3289,0.8
entry_3290,0.8
entry_3291,0.8
entry_3292,0.8
entry_3293,0.8
entry_3294,0.8
entry_3295,0.8
entry_3296,0.8
entry_3297,0.8
entry_3298,0.8
entry_3299,0.8
entry_3300,0.8
entry_3301,0.8
entry_3302,0.8
entry_3303,0.8
entry_3304,0.8
entry_3305,0.8
entry_3306,0.8
entry_3307,0.8
entry_3308,0.8
entry_3309,0.8
entry_3310,0.8
entry_3311,0.8
entry_3312,0.8
entry_3313,0.8
entry_3314,0.8
entry_3315,0.8
entry_3316,0.8
entry_3317,0.8
entry_3318,0.8
entry_3319,0.8
entry_3320,0.8
entry_3321,0.8
entry_3322,0.8
entry_3323,0.8
entry_3324,0.8
entry_3325,0.8
entry_3326,0.8
entry_3327,0.8
entry_3328,0.8
entry_3329,0.8
entry_3330,0.8
entry_3331,0.8
entry_3332,0.8
entry_3333,0.8
entry_3334,0.8
entry_3335,0.8
entry_3336,0.8
entry_3337,0.8
entry_3338,0.8
entry_3339,0.8
entry_3340,0.8
entry_3341,0.8
entry_3342,0.8
entry_3343,0.8
entry_3344,0.8
entry_3345,0.8
entry_3346,0.8
entry_3347,0.8
entry_3348,0.8
entry_3349,0.8
entry_3350,0.8
entry_3351,0.8
entry_3352,0.8
entry_3353,0.8
entry_3354,0.8
entry_3355,0.8
entry_3356,0.8
entry_3357,0.8
entry_3358,0.8
entry_3359,0.8
entry_3360,0.8
entry_3361,0.8
entry_3362,0.8
entry_3363,0.8
entry_3364,0.8
entry_3365,0.8
entry_3366,0.8
entry_3367,0.8
entry_3368,0.8
entry_3369,0.8
entry_3370,0.8
entry_3371,0.8
entry_3372,0.8
entry_3373,0.8
entry_3374,0.8
entry_3375,0.8
entry_3376,0.8
entry_3377,0.8
entry_3378,0.8
entry_3379,0.8
entry_3380,0.8
entry_3381,0.8
entry_3382,0.8
entry_3383,0.8
entry_3384,0.8
entry_3385,0.8
entry_3386,0.8
entry_3387,0.8
entry_3388,0.8
entry_3389,0.8
entry_3390,0.8
entry_3391,0.8
entry_3392,0.8
entry_3393,0.8
entry_3394,0.8
entry_3395,0.8
entry_3396,0.8
entry_3397,0.8
entry_3398,0.8
entry_3399,0.8
entry_3400,0.8
entry_3401,0.8
entry_3402,0.8
entry_3403,0.8
entry_3404,0.8
entry_3405,0.8
entry_3406,0.8
entry_3407,0.8
entry_3408,0.8
entry_3409,0.8
entry_3410,0.8
entry_3411,0.8
entry_3412,0.8
entry_3413,0.8
entry_3414,0.8
entry_3415,0.8
entry_3416,0.8
entry_3417,0.8
entry_3418,0.8
entry_3419,0.8
entry_3420,0.8
entry_3421,0.8
entry_3422,0.8
entry_3423,0.8
entry_3424,0.8
entry_3425,0.8
entry_3426,0.8
entry_3427,0.8
entry_3428,0.8
entry_3429,0.8
entry_3430,0.8
entry_3431,0.8
entry_3432,0.8
entry_3433,0.8
entry_3434,0.8
entry_3435,0.8
entry_3436,0.8
entry_3437,0.8
entry_3438,0.8
entry_3439,0.8
entry_3440,0.8
entry_3441,0.8
entry_3442,0.8
entry_3443,0.8
entry_3444,0.8
entry_3445,0.8
entry_3446,0.8
entry_3447,0.8
entry_3448,0.8
entry_3449,0.8
entry_3450,0.8
entry_3451,0.8
entry_3452,0.8
entry_3453,0.8
entry_3454,0.8
entry_3455,0.8
entry_3456,0.8
entry_3457,0.8
entry_3458,0.8
entry_3459,0.8
entry_3460,0.8
entry_3461,0.8
entry_3462,0.8
entry_3463,0.8
entry_3464,0.8
entry_3465,0.8
entry_3466,0.8
entry_3467,0.8
entry_3468,0.8
entry_3469,0.8
entry_3470,0.8
entry_3471,0.8
entry_3472,0.8
entry_3473,0.8
entry_3474,0.8
entry_3475,0.8
entry_3476,0.8
entry_3477,0.8
entry_3478,0.8
entry_3479,0.8
entry_3480,0.8
entry_3481,0.8
entry_3482,0.8
entry_3483,0.8
entry_3484,0.8
entry_3485,0.8
entry_3486,0.8
entry_3487,0.8
entry_3488,0.8
entry_3489,0.8
entry_3490,0.8
entry_3491,0.8
entry_3492,0.8
entry_3493,0.8
entry_3494,0.8
entry_3495,0.8
entry_3496,0.8
entry_3497,0.8
entry_3498,0.8
entry_3499,0.8
entry_3500,0.8
entry_3501,0.8
entry_3502,0.8
entry_3503,0.8
entry_3504,0.8
entry_3505,0.8
entry_3506,0.8
entry_3507,0.8
entry_3508,0.8
entry_3509,0.8
entry_3510,0.8
entry_3511,0.8
entry_3512,0.8
entry_3513,0.8
entry_3514,0.8
entry_3515,0.8
entry_3516,0.8
entry_3517,0.8
entry_3518,0.8
entry_3519,0.8
entry_3520,0.8
entry_3521,0.8
entry_3522,0.8
entry_3523,0.8
entry_3524,0.8
entry_3525,0.8
entry_3526,0.8
entry_3527,0.8
entry_3528,0.8
entry_3529,0.8
entry_3530,0.8
entry_3531,0.8
entry_3532,0.8
entry_3533,0.8
entry_3534,0.8
entry_3535,0.8
entry_3536,0.8
entry_3537,0.8
entry_3538,0.8
entry_3539,0.8
entry_3540,0.8
entry_3541,0.8
entry_3542,0.8
entry_3543,0.8
entry_3544,0.8
entry_3545,0.8
entry_3546,0.8
entry_3547,0.8
entry_3548,0.8
entry_3549,0.8
entry_3550,0.8
entry_3551,0.8
entry_3552,0.8
entry_3553,0.8
entry_3554,0.8
entry_3555,0.8
entry_3556,0.8
entry_3557,0.8
entry_3558,0.8
entry_3559,0.8
entry_3560,0.8
entry_3561,0.8
entry_3562,0.8
entry_3563,0.8
entry_3564,0.8
entry_3565,0.8
entry_3566,0.8
entry_3567,0.8
entry_3568,0.8
entry_3569,0.8
entry_3570,0.8
entry_3571,0.8
entry_3572,0.8
entry_3573,0.8
entry_3574,0.8
entry_3575,0.8
entry_3576,0.8
entry_3577,0.8
entry_3578,0.8
entry_3579,0.8
entry_3580,0.8
entry_3581,0.8
entry_3582,0.8
entry_3583,0.8
entry_3584,0.8
entry_3585,0.8
entry_3586,0.8
entry_3587,0.8
entry_3588,0.8
entry_3589,0.8
entry_3590,0.8
entry_3591,0.8
entry_3592,0.8
entry_3593,0.8
entry_3594,0.8
entry_3595,0.8
entry_3596,0.8
entry_3597,0.8
entry_3598,0.8
entry_3599,0.8
entry_3600,0.8
entry_3601,0.8
entry_3602,0.8
entry_3603,0.8
entry_3604,0.8
entry_3605,0.8
entry_3606,0.8
entry_3607,0.8
entry_3608,0.8
entry_3609,0.8
entry_3610,0.8
entry_3611,0.8
entry_3612,0.8
entry_3613,0.8
entry_3614,0.8
entry_3615,0.8
entry_3616,0.8
entry_3617,0.8
entry_3618,0.8
entry_3619,0.8
entry_3620,0.8
entry_3621,0.8
entry_3622,0.8
entry_3623,0.8
entry_3624,0.8
entry_3625,0.8
entry_3626,0.8
entry_3627,0.8
entry_3628,0.8
entry_3629,0.8
entry_3630,0.8
entry_3631,0.8
entry_3632,0.8
entry_3633,0.8
entry_3634,0.8
entry_3635,0.8
entry_3636,0.8
entry_3637,0.8
entry_3638,0.8
entry_3639,0.8
entry_3640,0.8
entry_3641,0.8
entry_3642,0.8
entry_3643,0.8
entry_3644,0.8
entry_3645,0.8
entry_3646,0.8
entry_3647,0.8
entry_3648,0.8
entry_3649,0.8
entry_3650,0.8
entry_3651,0.8
entry_3652,0.8
entry_3653,0.8
entry_3654,0.8
entry_3655,0.8
entry_3656,0.8
entry_3657,0.8
entry_3658,0.8
entry_3659,0.8
entry_3660,0.8
entry_3661,0.8
entry_3662,0.8
entry_3663,0.8
entry_3664,0.8
entry_3665,0.8
entry_3666,0.8
entry_3667,0.8
entry_3668,0.8
entry_3669,0.8
entry_3670,0.8
entry_3671,0.8
entry_3672,0.8
entry_3673,0.8
entry_3674,0.8
entry_3675,0.8
entry_3676,0.8
entry_3677,0.8
entry_3678,0.8
entry_3679,0.8
entry_3680,0.8
entry_3681,0.8
entry_3682,0.8
entry_3683,0.8
entry_3684,0.8
entry_3685,0.8
entry_3686,0.8
entry_3687,0.8
entry_3688,0.8
entry_3689,0.8
entry_3690,0.8
entry_3691,0.8
entry_3692,0.8
entry_3693,0.8
entry_3694,0.8
entry_3695,0.8
entry_3696,0.8
entry_3697,0.8
entry_3698,0.8
entry_3699,0.8
entry_3700,0.8
entry_3701,0.8
entry_3702,0.8
entry_3703,0.8
entry_3704,0.8
entry_3705,0.8
entry_3706,0.8
entry_3707,0.8
entry_3708,0.8
entry_3709,0.8
entry_3710,0.8
entry_3711,0.8
entry_3712,0.8
entry_3713,0.8
entry_3714,0.8
entry_3715,0.8
entry_3716,0.8
entry_3717,0.8
entry_3718,0.8
entry_3719,0.8
entry_3720,0.8
entry_3721,0.8
entry_3722,0.8
entry_3723,0.8
entry_3724,0.8
entry_3725,0.8
entry_3726,0.8
entry_3727,0.8
entry_3728,0.8
entry_3729,0.8
entry_3730,0.8
entry_3731,0.8
entry_3732,0.8
entry_3733,0.8
entry_3734,0.8
entry_3735,0.8
entry_3736,0.8
entry_3737,0.8
entry_3738,0.8
entry_3739,0.8
entry_3740,0.8
entry_3741,0.8
entry_3742,0.8
entry_3743,0.8
entry_3744,0.8
entry_3745,0.8
entry_3746,0.8
entry_3747,0.8
entry_3748,0.8
entry_3749,0.8
entry_3750,0.8
entry_3751,0.8
entry_3752,0.8
entry_3753,0.8
entry_3754,0.8
entry_3755,0.8
entry_3756,0.8
entry_3757,0.8
entry_3758,0.8
entry_3759,0.8
entry_3760,0.8
entry_3761,0.8
entry_3762,0.8
entry_3763,0.8
entry_3764,0.8
entry_3765,0.8
entry_3766,0.8
entry_3767,0.8
entry_3768,0.8
entry_3769,0.8
entry_3770,0.8
entry_3771,0.8
entry_3772,0.8
entry_3773,0.8
entry_3774,0.8
entry_3775,0.8
entry_3776,0.8
entry_3777,0.8
entry_3778,0.8
entry_3779,0.8
entry_3780,0.8
entry_3781,0.8
entry_3782,0.8
entry_3783,0.8
entry_3784,0.8
entry_3785,0.8
entry_3786,0.8
entry_3787,0.8
entry_3788,0.8
entry_3789,0.8
entry_3790,0.8
entry_3791,0.8
entry_3792,0.8
entry_3793,0.8
entry_3794,0.8
entry_3795,0.8
entry_3796,0.8
entry_3797,0.8
entry_3798,0.8
entry_3799,0.8
entry_3800,0.8
entry_3801,0.8
entry_3802,0.8
entry_3803,0.8
entry_3804,0.8
entry_3805,0.8
entry_3806,0.8
entry_3807,0.8
entry_3808,0.8
entry_3809,0.8
entry_3810,0.8
entry_3811,0.8
entry_3812,0.8
entry_3813,0.8
entry_3814,0.8
entry_3815,0.8
entry_3816,0.8
entry_3817,0.8
entry_3818,0.8
entry_3819,0.8
entry_3820,0.8
entry_3821,0.8
entry_3822,0.8
entry_3823,0.8
entry_3824,0.8
entry_3825,0.8
entry_3826,0.8
entry_3827,0.8
entry_3828,0.8
entry_3829,0.8
entry_3830,0.8
entry_3831,0.8
entry_3832,0.8
entry_3833,0.8
entry_3834,0.8
entry_3835,0.8
entry_3836,0.8
entry_3837,0.8
entry_3838,0.8
entry_3839,0.8
entry_3840,0.8
entry_3841,0.8
entry_3842,0.8
entry_3843,0.8
entry_3844,0.8
entry_3845,0.8
entry_3846,0.8
entry_3847,0.8
entry_3848,0.8
entry_3849,0.8
entry_3850,0.8
entry_3851,0.8
entry_3852,0.8
entry_3853,0.8
entry_3854,0.8
entry_3855,0.8
entry_3856,0.8
entry_3857,0.8
entry_3858,0.8
entry_3859,0.8
entry_3860,0.8
entry_3861,0.8
entry_3862,0.8
entry_3863,0.8
entry_3864,0.8
entry_3865,0.8
entry_3866,0.8
entry_3867,0.8
entry_3868,0.8
entry_3869,0.8
entry_3870,0.8
entry_3871,0.8
entry_3872,0.8
entry_3873,0.8
entry_3874,0.8
entry_3875,0.8
entry_3876,0.8
entry_3877,0.8
entry_3878,0.8
entry_3879,0.8
entry_3880,0.8
entry_3881,0.8
entry_3882,0.8
entry_3883,0.8
entry_3884,0.8
entry_3885,0.8
entry_3886,0.8
entry_3887,0.8
entry_3888,0.8
entry_3889,0.8
entry_3890,0.8
entry_3891,0.8
entry_3892,0.8
entry_3893,0.8
entry_3894,0.8
entry_3895,0.8
entry_3896,0.8
entry_3897,0.8
entry_3898,0.8
entry_3899,0.8
entry_3900,0.8
entry_3901,0.8
entry_3902,0.8
entry_3903,0.8
entry_3904,0.8
entry_3905,0.8
entry_3906,0.8
entry_3907,0.8
entry_3908,0.8
entry_3909,0.8
entry_3910,0.8
entry_3911,0.8
entry_3912,0.8
entry_3913,0.8
entry_3914,0.8
entry_3915,0.8
entry_3916,0.8
entry_3917,0.8
entry_3918,0.8
entry_3919,0.8
entry_3920,0.8
entry_3921,0.8
entry_3922,0.8
entry_3923,0.8
entry_3924,0.8
entry_3925,0.8
entry_3926,0.8
entry_3927,0.8
entry_3928,0.8
entry_3929,0.8
entry_3930,0.8
entry_3931,0.8
entry_3932,0.8
entry_3933,0.8
entry_3934,0.8
entry_3935,0.8
entry_3936,0.8
entry_3937,0.8
entry_3938,0.8
entry_3939,0.8
entry_3940,0.8
entry_3941,0.8
entry_3942,0.8
entry_3943,0.8
entry_3944,0.8
entry_3945,0.8
entry_3946,0.8
entry_3947,0.8
entry_3948,0.8
entry_3949,0.8
entry_3950,0.8
entry_3951,0.8
entry_3952,0.8
entry_3953,0.8
entry_3954,0.8
entry_3955,0.8
entry_3956,0.8
entry_3957,0.8
entry_3958,0.8
entry_3959,0.8
entry_3960,0.8
entry_3961,0.8
entry_3962,0.8
entry_3963,0.8
entry_3964,0.8
entry_3965,0.8
entry_3966,0.8
entry_3967,0.8
entry_3968,0.8
entry_3969,0.8
entry_3970,0.8
entry_3971,0.8
entry_3972,0.8
entry_3973,0.8
entry_3974,0.8
entry_3975,0.8
entry_3976,0.8
entry_3977,0.8
entry_3978,0.8
entry_3979,0.8
entry_3980,0.8
entry_3981,0.8
entry_3982,0.8
entry_3983,0.8
entry_3984,0.8
entry_3985,0.8
entry_3986,0.8
entry_3987,0.8
entry_3988,0.8
entry_3989,0.8
entry_3990,0.8
entry_3991,0.8
entry_3992,0.8
entry_3993,0.8
entry_3994,0.8
entry_3995,0.8
entry_3996,0.8
entry_3997,0.8
entry_3998,0.8
entry_3999,0.8
entry_4000,1.0
entry_4001,1.0
entry_4002,1.0
entry_4003,1.0
entry_4004,1.0
entry_4005,1.0
entry_4006,1.0
entry_4007,1.0
entry_4008,1.0
entry_4009,1.0
entry_4010,1.0
entry_4011,1.0
entry_4012,1.0
entry_4013,1.0
entry_4014,1.0
entry_4015,1.0
entry_4016,1.0
entry_4017,1.0
entry_4018,1.0
entry_4019,1.0
entry_4020,1.0
entry_4021,1.0
entry_4022,1.0
entry_4023,1.0
entry_4024,1.0
entry_4025,1.0
entry_4026,1.0
entry_4027,1.0
entry_4028,1.0
entry_4029,1.0
entry_4030,1.0
entry_4031,1.0
entry_4032,1.0
entry_4033,1.0
entry_4034,1.0
entry_4035,1.0
entry_4036,1.0
entry_4037,1.0
entry_4038,1.0
entry_4039,1.0
entry_4040,1.0
entry_4041,1.0
entry_4042,1.0
entry_4043,1.0
entry_4044,1.0
entry_4045,1.0
entry_4046,1.0
entry_4047,1.0
entry_4048,1.0
entry_4049,1.0
entry_4050,1.0
entry_4051,1.0
entry_4052,1.0
entry_4053,1.0
entry_4054,1.0
entry_4055,1.0
entry_4056,1.0
entry_4057,1.0
entry_4058,1.0
entry_4059,1.0
entry_4060,1.0
entry_4061,1.0
entry_4062,1.0
entry_4063,1.0
entry_4064,1.0
entry_4065,1.0
entry_4066,1.0
entry_4067,1.0
entry_4068,1.0
entry_4069,1.0
entry_4070,1.0
entry_4071,1.0
entry_4072,1.0
entry_4073,1.0
entry_4074,1.0
entry_4075,1.0
entry_4076,1.0
entry_4077,1.0
entry_4078,1.0
entry_4079,1.0
entry_4080,1.0
entry_4081,1.0
entry_4082,1.0
entry_4083,1.0
entry_4084,1.0
entry_4085,1.0
entry_4086,1.0
entry_4087,1.0
entry_4088,1.0
entry_4089,1.0
entry_4090,1.0
entry_4091,1.0
entry_4092,1.0
entry_4093,1.0
entry_4094,1.0
entry_4095,1.0
entry_4096,1.0
entry_4097,1.0
entry_4098,1.0
entry_4099,1.0
entry_4100,1.0
entry_4101,1.0
entry_4102,1.0
entry_4103,1.0
entry_4104,1.0
entry_4105,1.0
entry_4106,1.0
entry_4107,1.0
entry_4108,1.0
entry_4109,1.0
entry_4110,1.0
entry_4111,1.0
entry_4112,1.0
entry_4113,1.0
entry_4114,1.0
entry_4115,1.0
entry_4116,1.0
entry_4117,1.0
entry_4118,1.0
entry_4119,1.0
entry_4120,1.0
entry_4121,1.0
entry_4122,1.0
entry_4123,1.0
entry_4124,1.0
entry_4125,1.0
entry_4126,1.0
entry_4127,1.0
entry_4128,1.0
entry_4129,1.0
entry_4130,1.0
entry_4131,1.0
entry_4132,1.0
entry_4133,1.0
entry_4134,1.0
entry_4135,1.0
entry_4136,1.0
entry_4137,1.0
entry_4138,1.0
entry_4139,1.0
entry_4140,1.0
entry_4141,1.0
entry_4142,1.0
entry_4143,1.0
entry_4144,1.0
entry_4145,1.0
entry_4146,1.0
entry_4147,1.0
entry_4148,1.0
entry_4149,1.0
entry_4150,1.0
entry_4151,1.0
entry_4152,1.0
entry_4153,1.0
entry_4154,1.0
entry_4155,1.0
entry_4156,1.0
entry_4157,1.0
entry_4158,1.0
entry_4159,1.0
entry_4160,1.0
entry_4161,1.0
entry_4162,1.0
entry_4163,1.0
entry_4164,1.0
entry_4165,1.0
entry_4166,1.0
entry_4167,1.0
entry_4168,1.0
entry_4169,1.0
entry_4170,1.0
entry_4171,1.0
entry_4172,1.0
entry_4173,1.0
entry_4174,1.0
entry_4175,1.0
entry_4176,1.0
entry_4177,1.0
entry_4178,1.0
entry_4179,1.0
entry_4180,1.0
entry_4181,1.0
entry_4182,1.0
entry_4183,1.0
entry_4184,1.0
entry_4185,1.0
entry_4186,1.0
entry_4187,1.0
entry_4188,1.0
entry_4189,1.0
entry_4190,1.0
entry_4191,1.0
entry_4192,1.0
entry_4193,1.0
entry_4194,1.0
entry_4195,1.0
entry_4196,1.0
entry_4197,1.0
entry_4198,1.0
entry_4199,1.0
entry_4200,1.0
entry_4201,1.0
entry_4202,1.0
entry_4203,1.0
entry_4204,1.0
entry_4205,1.0
entry_4206,1.0
entry_4207,1.0
entry_4208,1.0
entry_4209,1.0
entry_4210,1.0
entry_4211,1.0
entry_4212,1.0
entry_4213,1.0
entry_4214,1.0
entry_4215,1.0
entry_4216,1.0
entry_4217,1.0
entry_4218,1.0
entry_4219,1.0
entry_4220,1.0
entry_4221,1.0
entry_4222,1.0
entry_4223,1.0
entry_4224,1.0
entry_4225,1.0
entry_4226,1.0
entry_4227,1.0
entry_4228,1.0
entry_4229,1.0
entry_4230,1.0
entry_4231,1.0
entry_4232,1.0
entry_4233,1.0
entry_4234,1.0
entry_4235,1.0
entry_4236,1.0
entry_4237,1.0
entry_4238,1.0
entry_4239,1.0
entry_4240,1.0
entry_4241,1.0
entry_4242,1.0
entry_4243,1.0
entry_4244,1.0
entry_4245,1.0
entry_4246,1.0
entry_4247,1.0
entry_4248,1.0
entry_4249,1.0
entry_4250,1.0
entry_4251,1.0
entry_4252,1.0
entry_4253,1.0
entry_4254,1.0
entry_4255,1.0
entry_4256,1.0
entry_4257,1.0
entry_4258,1.0
entry_4259,1.0
entry_4260,1.0
entry_4261,1.0
entry_4262,1.0
entry_4263,1.0
entry_4264,1.0
entry_4265,1.0
entry_4266,1.0
entry_4267,1.0
entry_4268,1.0
entry_4269,1.0
entry_4270,1.0
entry_4271,1.0
entry_4272,1.0
entry_4273,1.0
entry_4274,1.0
entry_4275,1.0
entry_4276,1.0
entry_4277,1.0
entry_4278,1.0
entry_4279,1.0
entry_4280,1.0
entry_4281,1.0
entry_4282,1.0
entry_4283,1.0
entry_4284,1.0
entry_4285,1.0
entry_4286,1.0
entry_4287,1.0
entry_4288,1.0
entry_4289,1.0
entry_4290,1.0
entry_4291,1.0
entry_4292,1.0
entry_4293,1.0
entry_4294,1.0
entry_4295,1.0
entry_4296,1.0
entry_4297,1.0
entry_4298,1.0
entry_4299,1.0
entry_4300,1.0
entry_4301,1.0
entry_4302,1.0
entry_4303,1.0
entry_4304,1.0
entry_4305,1.0
entry_4306,1.0
entry_4307,1.0
entry_4308,1.0
entry_4309,1.0
entry_4310,1.0
entry_4311,1.0
entry_4312,1.0
entry_4313,1.0
entry_4314,1.0
entry_4315,1.0
entry_4316,1.0
entry_4317,1.0
entry_4318,1.0
entry_4319,1.0
entry_4320,1.0
entry_4321,1.0
entry_4322,1.0
entry_4323,1.0
entry_4324,1.0
entry_4325,1.0
entry_4326,1.0
entry_4327,1.0
entry_4328,1.0
entry_4329,1.0
entry_4330,1.0
entry_4331,1.0
entry_4332,1.0
entry_4333,1.0
entry_4334,1.0
entry_4335,1.0
entry_4336,1.0
entry_4337,1.0
entry_4338,1.0
entry_4339,1.0
entry_4340,1.0
entry_4341,1.0
entry_4342,1.0
entry_4343,1.0
entry_4344,1.0
entry_4345,1.0
entry_4346,1.0
entry_4347,1.0
entry_4348,1.0
entry_4349,1.0
entry_4350,1.0
entry_4351,1.0
entry_4352,1.0
entry_4353,1.0
entry_4354,1.0
entry_4355,1.0
entry_4356,1.0
entry_4357,1.0
entry_4358,1.0
entry_4359,1.0
entry_4360,1.0
entry_4361,1.0
entry_4362,1.0
entry_4363,1.0
entry_4364,1.0
entry_4365,1.0
entry_4366,1.0
entry_4367,1.0
entry_4368,1.0
entry_4369,1.0
entry_4370,1.0
entry_4371,1.0
entry_4372,1.0
entry_4373,1.0
entry_4374,1.0
entry_4375,1.0
entry_4376,1.0
entry_4377,1.0
entry_4378,1.0
entry_4379,1.0
entry_4380,1.0
entry_4381,1.0
entry_4382,1.0
entry_4383,1.0
entry_4384,1.0
entry_4385,1.0
entry_4386,1.0
entry_4387,1.0
entry_4388,1.0
entry_4389,1.0
entry_4390,1.0
entry_4391,1.0
entry_4392,1.0
entry_4393,1.0
entry_4394,1.0
entry_4395,1.0
entry_4396,1.0
entry_4397,1.0
entry_4398,1.0
entry_4399,1.0
entry_4400,1.0
entry_4401,1.0
entry_4402,1.0
entry_4403,1.0
entry_4404,1.0
entry_4405,1.0
entry_4406,1.0
entry_4407,1.0
entry_4408,1.0
entry_4409,1.0
entry_4410,1.0
entry_4411,1.0
entry_4412,1.0
entry_4413,1.0
entry_4414,1.0
entry_4415,1.0
entry_4416,1.0
entry_4417,1.0
entry_4418,1.0
entry_4419,1.0
entry_4420,1.0
entry_4421,1.0
entry_4422,1.0
entry_4423,1.0
entry_4424,1.0
entry_4425,1.0
entry_4426,1.0
entry_4427,1.0
entry_4428,1.0
entry_4429,1.0
entry_4430,1.0
entry_4431,1.0
entry_4432,1.0
entry_4433,1.0
entry_4434,1.0
entry_4435,1.0
entry_4436,1.0
entry_4437,1.0
entry_4438,1.0
entry_4439,1.0
entry_4440,1.0
entry_4441,1.0
entry_4442,1.0
entry_4443,1.0
entry_4444,1.0
entry_4445,1.0
entry_4446,1.0
entry_4447,1.0
entry_4448,1.0
entry_4449,1.0
entry_4450,1.0
entry_4451,1.0
entry_4452,1.0
entry_4453,1.0
entry_4454,1.0
entry_4455,1.0
entry_4456,1.0
entry_4457,1.0
entry_4458,1.0
entry_4459,1.0
entry_4460,1.0
entry_4461,1.0
entry_4462,1.0
entry_4463,1.0
entry_4464,1.0
entry_4465,1.0
entry_4466,1.0
entry_4467,1.0
entry_4468,1.0
entry_4469,1.0
entry_4470,1.0
entry_4471,1.0
entry_4472,1.0
entry_4473,1.0
entry_4474,1.0
entry_4475,1.0
entry_4476,1.0
entry_4477,1.0
entry_4478,1.0
entry_4479,1.0
entry_4480,1.0
entry_4481,1.0
entry_4482,1.0
entry_4483,1.0
entry_4484,1.0
entry_4485,1.0
entry_4486,1.0
entry_4487,1.0
entry_4488,1.0
entry_4489,1.0
entry_4490,1.0
entry_4491,1.0
entry_4492,1.0
entry_4493,1.0
entry_4494,1.0
entry_4495,1.0
entry_4496,1.0
entry_4497,1.0
entry_4498,1.0
entry_4499,1.0
entry_4500,1.0
entry_4501,1.0
entry_4502,1.0
entry_4503,1.0
entry_4504,1.0
entry_4505,1.0
entry_4506,1.0
entry_4507,1.0
entry_4508,1.0
entry_4509,1.0
entry_4510,1.0
entry_4511,1.0
entry_4512,1.0
entry_4513,1.0
entry_4514,1.0
entry_4515,1.0
entry_4516,1.0
entry_4517,1.0
entry_4518,1.0
entry_4519,1.0
entry_4520,1.0
entry_4521,1.0
entry_4522,1.0
entry_4523,1.0
entry_4524,1.0
entry_4525,1.0
entry_4526,1.0
entry_4527,1.0
entry_4528,1.0
entry_4529,1.0
entry_4530,1.0
entry_4531,1.0
entry_4532,1.0
entry_4533,1.0
entry_4534,1.0
entry_4535,1.0
entry_4536,1.0
entry_4537,1.0
entry_4538,1.0
entry_4539,1.0
entry_4540,1.0
entry_4541,1.0
entry_4542,1.0
entry_4543,1.0
entry_4544,1.0
entry_4545,1.0
entry_4546,1.0
entry_4547,1.0
entry_4548,1.0
entry_4549,1.0
entry_4550,1.0
entry_4551,1.0
entry_4552,1.0
entry_4553,1.0
entry_4554,1.0
entry_4555,1.0
entry_4556,1.0
entry_4557,1.0
entry_4558,1.0
entry_4559,1.0
entry_4560,1.0
entry_4561,1.0
entry_4562,1.0
entry_4563,1.0
entry_4564,1.0
entry_4565,1.0
entry_4566,1.0
entry_4567,1.0
entry_4568,1.0
entry_4569,1.0
entry_4570,1.0
entry_4571,1.0
entry_4572,1.0
entry_4573,1.0
entry_4574,1.0
entry_4575,1.0
entry_4576,1.0
entry_4577,1.0
entry_4578,1.0
entry_4579,1.0
entry_4580,1.0
entry_4581,1.0
entry_4582,1.0
entry_4583,1.0
entry_4584,1.0
entry_4585,1.0
entry_4586,1.0
entry_4587,1.0
entry_4588,1.0
entry_4589,1.0
entry_4590,1.0
entry_4591,1.0
entry_4592,1.0
entry_4593,1.0
entry_4594,1.0
entry_4595,1.0
entry_4596,1.0
entry_4597,1.0
entry_4598,1.0
entry_4599,1.0
entry_4600,1.0
entry_4601,1.0
entry_4602,1.0
entry_4603,1.0
entry_4604,1.0
entry_4605,1.0
entry_4606,1.0
entry_4607,1.0
entry_4608,1.0
entry_4609,1.0
entry_4610,1.0
entry_4611,1.0
entry_4612,1.0
entry_4613,1.0
entry_4614,1.0
entry_4615,1.0
entry_4616,1.0
entry_4617,1.0
entry_4618,1.0
entry_4619,1.0
entry_4620,1.0
entry_4621,1.0
entry_4622,1.0
entry_4623,1.0
entry_4624,1.0
entry_4625,1.0
entry_4626,1.0
entry_4627,1.0
entry_4628,1.0
entry_4629,1.0
entry_4630,1.0
entry_4631,1.0
entry_4632,1.0
entry_4633,1.0
entry_4634,1.0
entry_4635,1.0
entry_4636,1.0
entry_4637,1.0
entry_4638,1.0
entry_4639,1.0
entry_4640,1.0
entry_4641,1.0
entry_4642,1.0
entry_4643,1.0
entry_4644,1.0
entry_4645,1.0
entry_4646,1.0
entry_4647,1.0
entry_4648,1.0
entry_4649,1.0
entry_4650,1.0
entry_4651,1.0
entry_4652,1.0
entry_4653,1.0
entry_4654,1.0
entry_4655,1.0
entry_4656,1.0
entry_4657,1.0
entry_4658,1.0
entry_4659,1.0
entry_4660,1.0
entry_4661,1.0
entry_4662,1.0
entry_4663,1.0
entry_4664,1.0
entry_4665,1.0
entry_4666,1.0
entry_4667,1.0
entry_4668,1.0
entry_4669,1.0
entry_4670,1.0
entry_4671,1.0
entry_4672,1.0
entry_4673,1.0
entry_4674,1.0
entry_4675,1.0
entry_4676,1.0
entry_4677,1.0
entry_4678,1.0
entry_4679,1.0
entry_4680,1.0
entry_4681,1.0
entry_4682,1.0
entry_4683,1.0
entry_4684,1.0
entry_4685,1.0
entry_4686,1.0
entry_4687,1.0
entry_4688,1.0
entry_4689,1.0
entry_4690,1.0
entry_4691,1.0
entry_4692,1.0
entry_4693,1.0
entry_4694,1.0
entry_4695,1.0
entry_4696,1.0
entry_4697,1.0
entry_4698,1.0
entry_4699,1.0
entry_4700,1.0
entry_4701,1.0
entry_4702,1.0
entry_4703,1.0
entry_4704,1.0
entry_4705,1.0
entry_4706,1.0
entry_4707,1.0
entry_4708,1.0
entry_4709,1.0
entry_4710,1.0
entry_4711,1.0
entry_4712,1.0
entry_4713,1.0
entry_4714,1.0
entry_4715,1.0
entry_4716,1.0
entry_4717,1.0
entry_4718,1.0
entry_4719,1.0
entry_4720,1.0
entry_4721,1.0
entry_4722,1.0
entry_4723,1.0
entry_4724,1.0
entry_4725,1.0
entry_4726,1.0
entry_4727,1.0
entry_4728,1.0
entry_4729,1.0
entry_4730,1.0
entry_4731,1.0
entry_4732,1.0
entry_4733,1.0
entry_4734,1.0
entry_4735,1.0
entry_4736,1.0
entry_4737,1.0
entry_4738,1.0
entry_4739,1.0
entry_4740,1.0
entry_4741,1.0
entry_4742,1.0
entry_4743,1.0
entry_4744,1.0
entry_4745,1.0
entry_4746,1.0
entry_4747,1.0
entry_4748,1.0
entry_4749,1.0
entry_4750,1.0
entry_4751,1.0
entry_4752,1.0
entry_4753,1.0
entry_4754,1.0
entry_4755,1.0
entry_4756,1.0
entry_4757,1.0
entry_4758,1.0
entry_4759,1.0
entry_4760,1.0
entry_4761,1.0
entry_4762,1.0
entry_4763,1.0
entry_4764,1.0
entry_4765,1.0
entry_4766,1.0
entry_4767,1.0
entry_4768,1.0
entry_4769,1.0
entry_4770,1.0
entry_4771,1.0
entry_4772,1.0
entry_4773,1.0
entry_4774,1.0
entry_4775,1.0
entry_4776,1.0
entry_4777,1.0
entry_4778,1.0
entry_4779,1.0
entry_4780,1.0
entry_4781,1.0
entry_4782,1.0
entry_4783,1.0
entry_4784,1.0
entry_4785,1.0
entry_4786,1.0
entry_4787,1.0
entry_4788,1.0
entry_4789,1.0
entry_4790,1.0
entry_4791,1.0
entry_4792,1.0
entry_4793,1.0
entry_4794,1.0
entry_4795,1.0
entry_4796,1.0
entry_4797,1.0
entry_4798,1.0
entry_4799,1.0
entry_4800,1.0
entry_4801,1.0
entry_4802,1.0
entry_4803,1.0
entry_4804,1.0
entry_4805,1.0
entry_4806,1.0
entry_4807,1.0
entry_4808,1.0
entry_4809,1.0
entry_4810,1.0
entry_4811,1.0
entry_4812,1.0
entry_4813,1.0
entry_4814,1.0
entry_4815,1.0
entry_4816,1.0
entry_4817,1.0
entry_4818,1.0
entry_4819,1.0
entry_4820,1.0
entry_4821,1.0
entry_4822,1.0
entry_4823,1.0
entry_4824,1.0
entry_4825,1.0
entry_4826,1.0
entry_4827,1.0
entry_4828,1.0
entry_4829,1.0
entry_4830,1.0
entry_4831,1.0
entry_4832,1.0
entry_4833,1.0
entry_4834,1.0
entry_4835,1.0
entry_4836,1.0
entry_4837,1.0
entry_4838,1.0
entry_4839,1.0
entry_4840,1.0
entry_4841,1.0
entry_4842,1.0
entry_4843,1.0
entry_4844,1.0
entry_4845,1.0
entry_4846,1.0
entry_4847,1.0
entry_4848,1.0
entry_4849,1.0
entry_4850,1.0
entry_4851,1.0
entry_4852,1.0
entry_4853,1.0
entry_4854,1.0
entry_4855,1.0
entry_4856,1.0
entry_4857,1.0
entry_4858,1.0
entry_4859,1.0
entry_4860,1.0
entry_4861,1.0
entry_4862,1.0
entry_4863,1.0
entry_4864,1.0
entry_4865,1.0
entry_4866,1.0
entry_4867,1.0
entry_4868,1.0
entry_4869,1.0
entry_4870,1.0
entry_4871,1.0
entry_4872,1.0
entry_4873,1.0
entry_4874,1.0
entry_4875,1.0
entry_4876,1.0
entry_4877,1.0
entry_4878,1.0
entry_4879,1.0
entry_4880,1.0
entry_4881,1.0
entry_4882,1.0
entry_4883,1.0
entry_4884,1.0
entry_4885,1.0
entry_4886,1.0
entry_4887,1.0
entry_4888,1.0
entry_4889,1.0
entry_4890,1.0
entry_4891,1.0
entry_4892,1.0
entry_4893,1.0
entry_4894,1.0
entry_4895,1.0
entry_4896,1.0
entry_4897,1.0
entry_4898,1.0
entry_4899,1.0
entry_4900,1.0
entry_4901,1.0
entry_4902,1.0
entry_4903,1.0
entry_4904,1.0
entry_4905,1.0
entry_4906,1.0
entry_4907,1.0
entry_4908,1.0
entry_4909,1.0
entry_4910,1.0
entry_4911,1.0
entry_4912,1.0
entry_4913,1.0
entry_4914,1.0
entry_4915,1.0
entry_4916,1.0
entry_4917,1.0
entry_4918,1.0
entry_4919,1.0
entry_4920,1.0
entry_4921,1.0
entry_4922,1.0
entry_4923,1.0
entry_4924,1.0
entry_4925,1.0
entry_4926,1.0
entry_4927,1.0
entry_4928,1.0
entry_4929,1.0
entry_4930,1.0
entry_4931,1.0
entry_4932,1.0
entry_4933,1.0
entry_4934,1.0
entry_4935,1.0
entry_4936,1.0
entry_4937,1.0
entry_4938,1.0
entry_4939,1.0
entry_4940,1.0
entry_4941,1.0
entry_4942,1.0
entry_4943,1.0
entry_4944,1.0
entry_4945,1.0
entry_4946,1.0
entry_4947,1.0
entry_4948,1.0
entry_4949,1.0
entry_4950,1.0
entry_4951,1.0
entry_4952,1.0
entry_4953,1.0
entry_4954,1.0
entry_4955,1.0
entry_4956,1.0
entry_4957,1.0
entry_4958,1.0
entry_4959,1.0
entry_4960,1.0
entry_4961,1.0
entry_4962,1.0
entry_4963,1.0
entry_4964,1.0
entry_4965,1.0
entry_4966,1.0
entry_4967,1.0
entry_4968,1.0
entry_4969,1.0
entry_4970,1.0
entry_4971,1.0
entry_4972,1.0
entry_4973,1.0
entry_4974,1.0
entry_4975,1.0
entry_4976,1.0
entry_4977,1.0
entry_4978,1.0
entry_4979,1.0
entry_4980,1.0
entry_4981,1.0
entry_4982,1.0
entry_4983,1.0
entry_4984,1.0
entry_4985,1.0
entry_4986,1.0
entry_4987,1.0
entry_4988,1.0
entry_4989,1.0
entry_4990,1.0
entry_4991,1.0
entry_4992,1.0
entry_4993,1.0
entry_4994,1.0
entry_4995,1.0
entry_4996,1.0
entry_4997,1.0
entry_4998,1.0
entry_4999,1.0
entry_5000,1.0
entry_5001,1.0
entry_5002,1.0
entry_5003,1.0
entry_5004,1.0
entry_5005,1.0
entry_5006,1.0
entry_5007,1.0
entry_5008,1.0
entry_5009,1.0
entry_5010,1.0
entry_5011,1.0
entry_5012,1.0
entry_5013,1.0
entry_5014,1.0
entry_5015,1.0
entry_5016,1.0
entry_5017,1.0
entry_5018,1.0
entry_5019,1.0
entry_5020,1.0
entry_5021,1.0
entry_5022,1.0
entry_5023,1.0
entry_5024,1.0
entry_5025,1.0
entry_5026,1.0
entry_5027,1.0
entry_5028,1.0
entry_5029,1.0
entry_5030,1.0
entry_5031,1.0
entry_5032,1.0
entry_5033,1.0
entry_5034,1.0
entry_5035,1.0
entry_5036,1.0
entry_5037,1.0
entry_5038,1.0
entry_5039,1.0
entry_5040,1.0
entry_5041,1.0
entry_5042,1.0
entry_5043,1.0
entry_5044,1.0
entry_5045,1.0
entry_5046,1.0
entry_5047,1.0
entry_5048,1.0
entry_5049,1.0
entry_5050,1.0
entry_5051,1.0
entry_5052,1.0
entry_5053,1.0
entry_5054,1.0
entry_5055,1.0
entry_5056,1.0
entry_5057,1.0
entry_5058,1.0
entry_5059,1.0
entry_5060,1.0
entry_5061,1.0
entry_5062,1.0
entry_5063,1.0
entry_5064,1.0
entry_5065,1.0
entry_5066,1.0
entry_5067,1.0
entry_5068,1.0
entry_5069,1.0
entry_5070,1.0
entry_5071,1.0
entry_5072,1.0
entry_5073,1.0
entry_5074,1.0
entry_5075,1.0
entry_5076,1.0
entry_5077,1.0
entry_5078,1.0
entry_5079,1.0
entry_5080,1.0
entry_5081,1.0
entry_5082,1.0
entry_5083,1.0
entry_5084,1.0
entry_5085,1.0
entry_5086,1.0
entry_5087,1.0
entry_5088,1.0
entry_5089,1.0
entry_5090,1.0
entry_5091,1.0
entry_5092,1.0
entry_5093,1.0
entry_5094,1.0
entry_5095,1.0
entry_5096,1.0
entry_5097,1.0
entry_5098,1.0
entry_5099,1.0
entry_5100,1.0
entry_5101,1.0
entry_5102,1.0
entry_5103,1.0
entry_5104,1.0
entry_5105,1.0
entry_5106,1.0
entry_5107,1.0
entry_5108,1.0
entry_5109,1.0
entry_5110,1.0
entry_5111,1.0
entry_5112,1.0
entry_5113,1.0
entry_5114,1.0
entry_5115,1.0
entry_5116,1.0
entry_5117,1.0
entry_5118,1.0
entry_5119,1.0
entry_5120,1.0
entry_5121,1.0
entry_5122,1.0
entry_5123,1.0
entry_5124,1.0
entry_5125,1.0
entry_5126,1.0
entry_5127,1.0
entry_5128,1.0
entry_5129,1.0
entry_5130,1.0
entry_5131,1.0
entry_5132,1.0
entry_5133,1.0
entry_5134,1.0
entry_5135,1.0
entry_5136,1.0
entry_5137,1.0
entry_5138,1.0
entry_5139,1.0
entry_5140,1.0
entry_5141,1.0
entry_5142,1.0
entry_5143,1.0
entry_5144,1.0
entry_5145,1.0
entry_5146,1.0
entry_5147,1.0
entry_5148,1.0
entry_5149,1.0
entry_5150,1.0
entry_5151,1.0
entry_5152,1.0
entry_5153,1.0
entry_5154,1.0
entry_5155,1.0
entry_5156,1.0
entry_5157,1.0
entry_5158,1.0
entry_5159,1.0
entry_5160,1.0
entry_5161,1.0
entry_5162,1.0
entry_5163,1.0
entry_5164,1.0
entry_5165,1.0
entry_5166,1.0
entry_5167,1.0
entry_5168,1.0
entry_5169,1.0
entry_5170,1.0
entry_5171,1.0
entry_5172,1.0
entry_5173,1.0
entry_5174,1.0
entry_5175,1.0
entry_5176,1.0
entry_5177,1.0
entry_5178,1.0
entry_5179,1.0
entry_5180,1.0
entry_5181,1.0
entry_5182,1.0
entry_5183,1.0
entry_5184,1.0
entry_5185,1.0
entry_5186,1.0
entry_5187,1.0
entry_5188,1.0
entry_5189,1.0
entry_5190,1.0
entry_5191,1.0
entry_5192,1.0
entry_5193,1.0
entry_5194,1.0
entry_5195,1.0
entry_5196,1.0
entry_5197,1.0
entry_5198,1.0
entry_5199,1.0
entry_5200,1.0
entry_5201,1.0
entry_5202,1.0
entry_5203,1.0
entry_5204,1.0
entry_5205,1.0
entry_5206,1.0
entry_5207,1.0
entry_5208,1.0
entry_5209,1.0
entry_5210,1.0
entry_5211,1.0
entry_5212,1.0
entry_5213,1.0
entry_5214,1.0
entry_5215,1.0
entry_5216,1.0
entry_5217,1.0
entry_5218,1.0
entry_5219,1.0
entry_5220,1.0
entry_5221,1.0
entry_5222,1.0
entry_5223,1.0
entry_5224,1.0
entry_5225,1.0
entry_5226,1.0
entry_5227,1.0
entry_5228,1.0
entry_5229,1.0
entry_5230,1.0
entry_5231,1.0
entry_5232,1.0
entry_5233,1.0
entry_5234,1.0
entry_5235,1.0
entry_5236,1.0
entry_5237,1.0
entry_5238,1.0
entry_5239,1.0
entry_5240,1.0
entry_5241,1.0
entry_5242,1.0
entry_5243,1.0
entry_5244,1.0
entry_5245,1.0
entry_5246,1.0
entry_5247,1.0
entry_5248,1.0
entry_5249,1.0
entry_5250,1.0
entry_5251,1.0
entry_5252,1.0
entry_5253,1.0
entry_5254,1.0
entry_5255,1.0
entry_5256,1.0
entry_5257,1.0
entry_5258,1.0
entry_5259,1.0
entry_5260,1.0
entry_5261,1.0
entry_5262,1.0
entry_5263,1.0
entry_5264,1.0
entry_5265,1.0
entry_5266,1.0
entry_5267,1.0
entry_5268,1.0
entry_5269,1.0
entry_5270,1.0
entry_5271,1.0
entry_5272,1.0
entry_5273,1.0
entry_5274,1.0
entry_5275,1.0
entry_5276,1.0
entry_5277,1.0
entry_5278,1.0
entry_5279,1.0
entry_5280,1.0
entry_5281,1.0
entry_5282,1.0
entry_5283,1.0
entry_5284,1.0
entry_5285,1.0
entry_5286,1.0
entry_5287,1.0
entry_5288,1.0
entry_5289,1.0
entry_5290,1.0
entry_5291,1.0
entry_5292,1.0
entry_5293,1.0
entry_5294,1.0
entry_5295,1.0
entry_5296,1.0
entry_5297,1.0
entry_5298,1.0
entry_5299,1.0
entry_5300,1.0
entry_5301,1.0
entry_5302,1.0
entry_5303,1.0
entry_5304,1.0
entry_5305,1.0
entry_5306,1.0
entry_5307,1.0
entry_5308,1.0
entry_5309,1.0
entry_5310,1.0
entry_5311,1.0
entry_5312,1.0
entry_5313,1.0
entry_5314,1.0
entry_5315,1.0
entry_5316,1.0
entry_5317,1.0
entry_5318,1.0
entry_5319,1.0
entry_5320,1.0
entry_5321,1.0
entry_5322,1.0
entry_5323,1.0
entry_5324,1.0
entry_5325,1.0
entry_5326,1.0
entry_5327,1.0
entry_5328,1.0
entry_5329,1.0
entry_5330,1.0
entry_5331,1.0
entry_5332,1.0
entry_5333,1.0
entry_5334,1.0
entry_5335,1.0
entry_5336,1.0
entry_5337,1.0
entry_5338,1.0
entry_5339,1.0
entry_5340,1.0
entry_5341,1.0
entry_5342,1.0
entry_5343,1.0
entry_5344,1.0
entry_5345,1.0
entry_5346,1.0
entry_5347,1.0
entry_5348,1.0
entry_5349,1.0
entry_5350,1.0
entry_5351,1.0
entry_5352,1.0
entry_5353,1.0
entry_5354,1.0
entry_5355,1.0
entry_5356,1.0
entry_5357,1.0
entry_5358,1.0
entry_5359,1.0
entry_5360,1.0
entry_5361,1.0
entry_5362,1.0
entry_5363,1.0
entry_5364,1.0
entry_5365,1.0
entry_5366,1.0
entry_5367,1.0
entry_5368,1.0
entry_5369,1.0
entry_5370,1.0
entry_5371,1.0
entry_5372,1.0
entry_5373,1.0
entry_5374,1.0
entry_5375,1.0
entry_5376,1.0
entry_5377,1.0
entry_5378,1.0
entry_5379,1.0
entry_5380,1.0
entry_5381,1.0
entry_5382,1.0
entry_5383,1.0
entry_5384,1.0
entry_5385,1.0
entry_5386,1.0
entry_5387,1.0
entry_5388,1.0
entry_5389,1.0
entry_5390,1.0
entry_5391,1.0
entry_5392,1.0
entry_5393,1.0
entry_5394,1.0
entry_5395,1.0
entry_5396,1.0
entry_5397,1.0
entry_5398,1.0
entry_5399,1.0
entry_5400,1.0
entry_5401,1.0
entry_5402,1.0
entry_5403,1.0
entry_5404,1.0
entry_5405,1.0
entry_5406,1.0
entry_5407,1.0
entry_5408,1.0
entry_5409,1.0
entry_5410,1.0
entry_5411,1.0
entry_5412,1.0
entry_5413,1.0
entry_5414,1.0
entry_5415,1.0
entry_5416,1.0
entry_5417,1.0
entry_5418,1.0
entry_5419,1.0
entry_5420,1.0
entry_5421,1.0
entry_5422,1.0
entry_5423,1.0
entry_5424,1.0
entry_5425,1.0
entry_5426,1.0
entry_5427,1.0
entry_5428,1.0
entry_5429,1.0
entry_5430,1.0
entry_5431,1.0
entry_5432,1.0
entry_5433,1.0
entry_5434,1.0
entry_5435,1.0
entry_5436,1.0
entry_5437,1.0
entry_5438,1.0
entry_5439,1.0
entry_5440,1.0
entry_5441,1.0
entry_5442,1.0
entry_5443,1.0
entry_5444,1.0
entry_5445,1.0
entry_5446,1.0
entry_5447,1.0
entry_5448,1.0
entry_5449,1.0
entry_5450,1.0
entry_5451,1.0
entry_5452,1.0
entry_5453,1.0
entry_5454,1.0
entry_5455,1.0
entry_5456,1.0
entry_5457,1.0
entry_5458,1.0
entry_5459,1.0
entry_5460,1.0
entry_5461,1.0
entry_5462,1.0
entry_5463,1.0
entry_5464,1.0
entry_5465,1.0
entry_5466,1.0
entry_5467,1.0
entry_5468,1.0
entry_5469,1.0
entry_5470,1.0
entry_5471,1.0
entry_5472,1.0
entry_5473,1.0
entry_5474,1.0
entry_5475,1.0
entry_5476,1.0
entry_5477,1.0
entry_5478,1.0
entry_5479,1.0
entry_5480,1.0
entry_5481,1.0
entry_5482,1.0
entry_5483,1.0
entry_5484,1.0
entry_5485,1.0
entry_5486,1.0
entry_5487,1.0
entry_5488,1.0
entry_5489,1.0
entry_5490,1.0
entry_5491,1.0
entry_5492,1.0
entry_5493,1.0
entry_5494,1.0
entry_5495,1.0
entry_5496,1.0
entry_5497,1.0
entry_5498,1.0
entry_5499,1.0
entry_5500,1.0
entry_5501,1.0
entry_5502,1.0
entry_5503,1.0
entry_5504,1.0
entry_5505,1.0
entry_5506,1.0
entry_5507,1.0
entry_5508,1.0
entry_5509,1.0
entry_5510,1.0
entry_5511,1.0
entry_5512,1.0
entry_5513,1.0
entry_5514,1.0
entry_5515,1.0
entry_5516,1.0
entry_5517,1.0
entry_5518,1.0
entry_5519,1.0
entry_5520,1.0
entry_5521,1.0
entry_5522,1.0
entry_5523,1.0
entry_5524,1.0
entry_5525,1.0
entry_5526,1.0
entry_5527,1.0
entry_5528,1.0
entry_5529,1.0
entry_5530,1.0
entry_5531,1.0
entry_5532,1.0
entry_5533,1.0
entry_5534,1.0
entry_5535,1.0
entry_5536,1.0
entry_5537,1.0
entry_5538,1.0
entry_5539,1.0
entry_5540,1.0
entry_5541,1.0
entry_5542,1.0
entry_5543,1.0
entry_5544,1.0
entry_5545,1.0
entry_5546,1.0
entry_5547,1.0
entry_5548,1.0
entry_5549,1.0
entry_5550,1.0
entry_5551,1.0
entry_5552,1.0
entry_5553,1.0
entry_5554,1.0
entry_5555,1.0
entry_5556,1.0
entry_5557,1.0
entry_5558,1.0
entry_5559,1.0
entry_5560,1.0
entry_5561,1.0
entry_5562,1.0
entry_5563,1.0
entry_5564,1.0
entry_5565,1.0
entry_5566,1.0
entry_5567,1.0
entry_5568,1.0
entry_5569,1.0
entry_5570,1.0
entry_5571,1.0
entry_5572,1.0
entry_5573,1.0
entry_5574,1.0
entry_5575,1.0
entry_5576,1.0
entry_5577,1.0
entry_5578,1.0
entry_5579,1.0
entry_5580,1.0
entry_5581,1.0
entry_5582,1.0
entry_5583,1.0
entry_5584,1.0
entry_5585,1.0
entry_5586,1.0
entry_5587,1.0
entry_5588,1.0
entry_5589,1.0
entry_5590,1.0
entry_5591,1.0
entry_5592,1.0
entry_5593,1.0
entry_5594,1.0
entry_5595,1.0
entry_5596,1.0
entry_5597,1.0
entry_5598,1.0
entry_5599,1.0
entry_5600,1.0
entry_5601,1.0
entry_5602,1.0
entry_5603,1.0
entry_5604,1.0
entry_5605,1.0
entry_5606,1.0
entry_5607,1.0
entry_5608,1.0
entry_5609,1.0
entry_5610,1.0
entry_5611,1.0
entry_5612,1.0
entry_5613,1.0
entry_5614,1.0
entry_5615,1.0
entry_5616,1.0
entry_5617,1.0
entry_5618,1.0
entry_5619,1.0
entry_5620,1.0
entry_5621,1.0
entry_5622,1.0
entry_5623,1.0
entry_5624,1.0
entry_5625,1.0
entry_5626,1.0
entry_5627,1.0
entry_5628,1.0
entry_5629,1.0
entry_5630,1.0
entry_5631,1.0
entry_5632,1.0
entry_5633,1.0
entry_5634,1.0
entry_5635,1.0
entry_5636,1.0
entry_5637,1.0
entry_5638,1.0
entry_5639,1.0
entry_5640,1.0
entry_5641,1.0
entry_5642,1.0
entry_5643,1.0
entry_5644,1.0
entry_5645,1.0
entry_5646,1.0
entry_5647,1.0
entry_5648,1.0
entry_5649,1.0
entry_5650,1.0
entry_5651,1.0
entry_5652,1.0
entry_5653,1.0
entry_5654,1.0
entry_5655,1.0
entry_5656,1.0
entry_5657,1.0
entry_5658,1.0
entry_5659,1.0
entry_5660,1.0
entry_5661,1.0
entry_5662,1.0
entry_5663,1.0
entry_5664,1.0
entry_5665,1.0
entry_5666,1.0
entry_5667,1.0
entry_5668,1.0
entry_5669,1.0
entry_5670,1.0
entry_5671,1.0
entry_5672,1.0
entry_5673,1.0
entry_5674,1.0
entry_5675,1.0
entry_5676,1.0
entry_5677,1.0
entry_5678,1.0
entry_5679,1.0
entry_5680,1.0
entry_5681,1.0
entry_5682,1.0
entry_5683,1.0
entry_5684,1.0
entry_5685,1.0
entry_5686,1.0
entry_5687,1.0
entry_5688,1.0
entry_5689,1.0
entry_5690,1.0
entry_5691,1.0
entry_5692,1.0
entry_5693,1.0
entry_5694,1.0
entry_5695,1.0
entry_5696,1.0
entry_5697,1.0
entry_5698,1.0
entry_5699,1.0
entry_5700,1.0
entry_5701,1.0
entry_5702,1.0
entry_5703,1.0
entry_5704,1.0
entry_5705,1.0
entry_5706,1.0
entry_5707,1.0
entry_5708,1.0
entry_5709,1.0
entry_5710,1.0
entry_5711,1.0
entry_5712,1.0
entry_5713,1.0
entry_5714,1.0
entry_5715,1.0
entry_5716,1.0
entry_5717,1.0
entry_5718,1.0
entry_5719,1.0
entry_5720,1.0
entry_5721,1.0
entry_5722,1.0
entry_5723,1.0
entry_5724,1.0
entry_5725,1.0
entry_5726,1.0
entry_5727,1.0
entry_5728,1.0
entry_5729,1.0
entry_5730,1.0
entry_5731,1.0
entry_5732,1.0
entry_5733,1.0
entry_5734,1.0
entry_5735,1.0
entry_5736,1.0
entry_5737,1.0
entry_5738,1.0
entry_5739,1.0
entry_5740,1.0
entry_5741,1.0
entry_5742,1.0
entry_5743,1.0
entry_5744,1.0
entry_5745,1.0
entry_5746,1.0
entry_5747,1.0
entry_5748,1.0
entry_5749,1.0
entry_5750,1.0
entry_5751,1.0
entry_5752,1.0
entry_5753,1.0
entry_5754,1.0
entry_5755,1.0
entry_5756,1.0
entry_5757,1.0
entry_5758,1.0
entry_5759,1.0
entry_5760,1.0
entry_5761,1.0
entry_5762,1.0
entry_5763,1.0
entry_5764,1.0
entry_5765,1.0
entry_5766,1.0
entry_5767,1.0
entry_5768,1.0
entry_5769,1.0
entry_5770,1.0
entry_5771,1.0
entry_5772,1.0
entry_5773,1.0
entry_5774,1.0
entry_5775,1.0
entry_5776,1.0
entry_5777,1.0
entry_5778,1.0
entry_5779,1.0
entry_5780,1.0
entry_5781,1.0
entry_5782,1.0
entry_5783,1.0
entry_5784,1.0
entry_5785,1.0
entry_5786,1.0
entry_5787,1.0
entry_5788,1.0
entry_5789,1.0
entry_5790,1.0
entry_5791,1.0
entry_5792,1.0
entry_5793,1.0
entry_5794,1.0
entry_5795,1.0
entry_5796,1.0
entry_5797,1.0
entry_5798,1.0
entry_5799,1.0
entry_5800,1.0
entry_5801,1.0
entry_5802,1.0
entry_5803,1.0
entry_5804,1.0
entry_5805,1.0
entry_5806,1.0
entry_5807,1.0
entry_5808,1.0
entry_5809,1.0
entry_5810,1.0
entry_5811,1.0
entry_5812,1.0
entry_5813,1.0
entry_5814,1.0
entry_5815,1.0
entry_5816,1.0
entry_5817,1.0
entry_5818,1.0
entry_5819,1.0
entry_5820,1.0
entry_5821,1.0
entry_5822,1.0
entry_5823,1.0
entry_5824,1.0
entry_5825,1.0
entry_5826,1.0
entry_5827,1.0
entry_5828,1.0
entry_5829,1.0
entry_5830,1.0
entry_5831,1.0
entry_5832,1.0
entry_5833,1.0
entry_5834,1.0
entry_5835,1.0
entry_5836,1.0
entry_5837,1.0
entry_5838,1.0
entry_5839,1.0
entry_5840,1.0
entry_5841,1.0
entry_5842,1.0
entry_5843,1.0
entry_5844,1.0
entry_5845,1.0
entry_5846,1.0
entry_5847,1.0
entry_5848,1.0
entry_5849,1.0
entry_5850,1.0
entry_5851,1.0
entry_5852,1.0
entry_5853,1.0
entry_5854,1.0
entry_5855,1.0
entry_5856,1.0
entry_5857,1.0
entry_5858,1.0
entry_5859,1.0
entry_5860,1.0
entry_5861,1.0
entry_5862,1.0
entry_5863,1.0
entry_5864,1.0
entry_5865,1.0
entry_5866,1.0
entry_5867,1.0
entry_5868,1.0
entry_5869,1.0
entry_5870,1.0
entry_5871,1.0
entry_5872,1.0
entry_5873,1.0
entry_5874,1.0
entry_5875,1.0
entry_5876,1.0
entry_5877,1.0
entry_5878,1.0
entry_5879,1.0
entry_5880,1.0
entry_5881,1.0
entry_5882,1.0
entry_5883,1.0
entry_5884,1.0
entry_5885,1.0
entry_5886,1.0
entry_5887,1.0
entry_5888,1.0
entry_5889,1.0
entry_5890,1.0
entry_5891,1.0
entry_5892,1.0
entry_5893,1.0
entry_5894,1.0
entry_5895,1.0
entry_5896,1.0
entry_5897,1.0
entry_5898,1.0
entry_5899,1.0
entry_5900,1.0
entry_5901,1.0
entry_5902,1.0
entry_5903,1.0
entry_5904,1.0
entry_5905,1.0
entry_5906,1.0
entry_5907,1.0
entry_5908,1.0
entry_5909,1.0
entry_5910,1.0
entry_5911,1.0
entry_5912,1.0
entry_5913,1.0
entry_5914,1.0
entry_5915,1.0
entry_5916,1.0
entry_5917,1.0
entry_5918,1.0
entry_5919,1.0
entry_5920,1.0
entry_5921,1.0
entry_5922,1.0
entry_5923,1.0
entry_5924,1.0
entry_5925,1.0
entry_5926,1.0
entry_5927,1.0
entry_5928,1.0
entry_5929,1.0
entry_5930,1.0
entry_5931,1.0
entry_5932,1.0
entry_5933,1.0
entry_5934,1.0
entry_5935,1.0
entry_5936,1.0
entry_5937,1.0
entry_5938,1.0
entry_5939,1.0
entry_5940,1.0
entry_5941,1.0
entry_5942,1.0
entry_5943,1.0
entry_5944,1.0
entry_5945,1.0
entry_5946,1.0
entry_5947,1.0
entry_5948,1.0
entry_5949,1.0
entry_5950,1.0
entry_5951,1.0
entry_5952,1.0
entry_5953,1.0
entry_5954,1.0
entry_5955,1.0
entry_5956,1.0
entry_5957,1.0
entry_5958,1.0
entry_5959,1.0
entry_5960,1.0
entry_5961,1.0
entry_5962,1.0
entry_5963,1.0
entry_5964,1.0
entry_5965,1.0
entry_5966,1.0
entry_5967,1.0
entry_5968,1.0
entry_5969,1.0
entry_5970,1.0
entry_5971,1.0
entry_5972,1.0
entry_5973,1.0
entry_5974,1.0
entry_5975,1.0
entry_5976,1.0
entry_5977,1.0
entry_5978,1.0
entry_5979,1.0
entry_5980,1.0
entry_5981,1.0
entry_5982,1.0
entry_5983,1.0
entry_5984,1.0
entry_5985,1.0
entry_5986,1.0
entry_5987,1.0
entry_5988,1.0
entry_5989,1.0
entry_5990,1.0
entry_5991,1.0
entry_5992,1.0
entry_5993,1.0
entry_5994,1.0
entry_5995,1.0
entry_5996,1.0
entry_5997,1.0
entry_5998,1.0
entry_5999,1.0
